"","time","siteID","mean","sd"
"1",2021-03-25,"HARV",0.329097226958195,0.00213730377615967
"2",2021-03-26,"HARV",0.33004068815963,0.00245574542364063
"3",2021-03-27,"HARV",0.32922057899449,0.002737389950277
"4",2021-03-28,"HARV",0.328318918193453,0.0029926446320977
"5",2021-03-29,"HARV",0.328881177965887,0.00322777633180626
"6",2021-03-30,"HARV",0.329457510715407,0.00344690559811467
"7",2021-03-31,"HARV",0.329323017926408,0.00365291340664675
"8",2021-04-01,"HARV",0.328882360283934,0.00384790780952521
"9",2021-04-02,"HARV",0.329654676317722,0.0040334864155902
"10",2021-04-03,"HARV",0.328254326243239,0.0042108943015583
"11",2021-04-04,"HARV",0.327197866192212,0.00438112416772701
"12",2021-04-05,"HARV",0.327480938922176,0.00454498263222064
"13",2021-04-06,"HARV",0.327417793175306,0.00470313568604319
"14",2021-04-07,"HARV",0.327564728502831,0.00485614079650482
"15",2021-04-08,"HARV",0.328377289107024,0.00500447016072869
"16",2021-04-09,"HARV",0.328215757650422,0.00514852792007281
"17",2021-04-10,"HARV",0.326453123726578,0.00528866314846338
"18",2021-04-11,"HARV",0.32795204140584,0.00542517981748625
"19",2021-04-12,"HARV",0.327405797998295,0.00555834455626908
"20",2021-04-13,"HARV",0.32762278418624,0.00568839277479599
"21",2021-04-14,"HARV",0.328499318227001,0.00581553355372461
"22",2021-04-15,"HARV",0.328274293879337,0.00593995359145527
"23",2021-04-16,"HARV",0.328955122107095,0.00606182042152253
"24",2021-04-17,"HARV",0.328514868872759,0.00618128505870208
"25",2021-04-18,"HARV",0.329062761668172,0.00629848419312767
"26",2021-04-19,"HARV",0.328411869597869,0.00641354202334593
"27",2021-04-20,"HARV",0.328114843743666,0.00652657179837701
"28",2021-04-21,"HARV",0.329361910890004,0.00663767712332525
"29",2021-04-22,"HARV",0.328845450522851,0.00674695307139905
"30",2021-04-23,"HARV",0.327561163062553,0.0068544871363076
"31",2021-04-24,"HARV",0.32908084208954,0.00696036005217776
"32",2021-04-25,"HARV",0.328857898449428,0.00706464650284055
"33",2021-04-26,"HARV",0.328641867415624,0.00716741573820323
"34",2021-04-27,"HARV",0.328036813668185,0.00726873211216295
"35",2021-04-28,"HARV",0.330188858838986,0.00736865555393479
"36",2021-04-29,"HARV",0.329559704686681,0.00746724198259835
"37",2021-04-30,"HARV",0.32871013960891,0.00756454367300669
"38",2021-05-01,"HARV",0.329574393442521,0.00766060957985532
"39",2021-05-02,"HARV",0.330336020147247,0.00775548562561468
"40",2021-05-03,"HARV",0.330942816637696,0.00784921495713181
"41",2021-05-04,"HARV",0.330762601729823,0.0079418381749698
"42",2021-05-05,"HARV",0.331156334667806,0.00803339353894433
"43",2021-05-06,"HARV",0.331827480792634,0.00812391715280864
"44",2021-05-07,"HARV",0.3326396688539,0.00821344313061484
"45",2021-05-08,"HARV",0.332484231880524,0.00830200374692697
"46",2021-05-09,"HARV",0.332579859851686,0.00838962957276035
"47",2021-05-10,"HARV",0.332035006401789,0.008476349598871
"48",2021-05-11,"HARV",0.334361813551165,0.00856219134780495
"49",2021-05-12,"HARV",0.337796610368605,0.00864718097593498
"50",2021-05-13,"HARV",0.337337205540196,0.0087313433665569
"51",2021-05-14,"HARV",0.343328459207159,0.00881470221498504
"52",2021-05-15,"HARV",0.340578653069206,0.00889728010647117
"53",2021-05-16,"HARV",0.343045941390384,0.00897909858767315
"54",2021-05-17,"HARV",0.35702302179995,0.00906017823231414
"55",2021-05-18,"HARV",0.351649054113024,0.00914053870159987
"56",2021-05-19,"HARV",0.359866814094091,0.00922019879989527
"57",2021-05-20,"HARV",0.365624658426356,0.00929917652610895
"58",2021-05-21,"HARV",0.385771526565064,0.00937748912118169
"59",2021-05-22,"HARV",0.389273897118517,0.0094551531120351
"60",2021-05-23,"HARV",0.387632455954654,0.0095321843522968
"61",2021-05-24,"HARV",0.403672202809338,0.00960859806008751
"62",2021-05-25,"HARV",0.407589743890477,0.00968440885312383
"63",2021-05-26,"HARV",0.411655952079882,0.00975963078136716
"64",2021-05-27,"HARV",0.417344978132718,0.00983427735742459
"65",2021-05-28,"HARV",0.425521242948587,0.00990836158488878
"66",2021-05-29,"HARV",0.434249490015425,0.00998189598478394
"67",2021-05-30,"HARV",0.441026097985657,0.0100548926202715
"68",2021-05-31,"HARV",0.439224067483223,0.0101273631197532
"69",2021-06-01,"HARV",0.447983983175344,0.0101993186984956
"70",2021-06-02,"HARV",0.446641898788284,0.0102707701788925
"71",2021-06-03,"HARV",0.44443869944838,0.010341728009466
"72",2021-06-04,"HARV",0.445029974036821,0.0104122022827027
"73",2021-06-05,"HARV",0.436402191448402,0.0104822027518105
"74",2021-06-06,"HARV",0.449642031087766,0.010551738846475
"75",2021-06-07,"HARV",0.448819581632117,0.0106208196876868
"76",2021-06-08,"HARV",0.449690815334614,0.010689454101707
"77",2021-06-09,"HARV",0.445033297701922,0.0107576506332306
"78",2021-06-10,"HARV",0.43922475235384,0.0108254175578031
"79",2021-06-11,"HARV",0.433457594415944,0.0108927628935425
"80",2021-06-12,"HARV",0.441374598625996,0.0109596944122126
"81",2021-06-13,"HARV",0.443425451766994,0.0110262196496908
"82",2021-06-14,"HARV",0.434512329945147,0.0110923459158725
"83",2021-06-15,"HARV",0.443641297812027,0.0111580803040451
"84",2021-06-16,"HARV",0.432727707361423,0.0112234296997694
"85",2021-06-17,"HARV",0.439179834026642,0.0112884007892974
"86",2021-06-18,"HARV",0.441686812001547,0.0113530000675573
"87",2021-06-19,"HARV",0.430746433084116,0.0114172338457308
"88",2021-06-20,"HARV",0.436607435340339,0.0114811082584499
"89",2021-06-21,"HARV",0.434977740546268,0.0115446292706345
"90",2021-06-22,"HARV",0.440150787005567,0.011607802683994
"91",2021-06-23,"HARV",0.4360974889136,0.0116706341432111
"92",2021-06-24,"HARV",0.427248620265631,0.0117331291418287
"93",2021-06-25,"HARV",0.434959745722681,0.0117952930278554
"94",2021-06-26,"HARV",0.435792159735205,0.0118571310091067
"95",2021-06-27,"HARV",0.436831176745919,0.0119186481582965
"96",2021-06-28,"HARV",0.423499531721718,0.0119798494178938
"97",2021-06-29,"HARV",0.428271726956053,0.0120407396047567
"98",2021-06-30,"HARV",0.434167690877954,0.0121013234145569
"99",2021-07-01,"HARV",0.429292031172681,0.0121616054260055
"100",2021-07-02,"HARV",0.435712638593723,0.012221590104892
"101",2021-07-03,"HARV",0.431373382252867,0.0122812818079441
"102",2021-07-04,"HARV",0.431397498142954,0.0123406847865216
"103",2021-07-05,"HARV",0.424302562721397,0.012399803190149
"104",2021-07-06,"HARV",0.424774215259884,0.012458641069899
"105",2021-07-07,"HARV",0.425923463096783,0.0125172023816315
"106",2021-07-08,"HARV",0.43350297587844,0.0125754909890973
"107",2021-07-09,"HARV",0.424269226497437,0.0126335106669133
"108",2021-07-10,"HARV",0.421035125565706,0.0126912651034149
"109",2021-07-11,"HARV",0.419743271832943,0.0127487579033921
"110",2021-07-12,"HARV",0.422950269573714,0.012805992590715
"111",2021-07-13,"HARV",0.43014911934935,0.0128629726108545
"112",2021-07-14,"HARV",0.429344082103182,0.0129197013333026
"113",2021-07-15,"HARV",0.423846211037412,0.0129761820538972
"114",2021-07-16,"HARV",0.427052659560238,0.0130324179970576
"115",2021-07-17,"HARV",0.425410106751163,0.0130884123179313
"116",2021-07-18,"HARV",0.422758435974152,0.0131441681044607
"117",2021-07-19,"HARV",0.433452559943992,0.0131996883793697
"118",2021-07-20,"HARV",0.42453195087056,0.0132549761020763
"119",2021-07-21,"HARV",0.416737187882274,0.0133100341705331
"120",2021-07-22,"HARV",0.417094267272865,0.0133648654230001
"121",2021-07-23,"HARV",0.420675777690809,0.0134194726397519
"122",2021-07-24,"HARV",0.428064345324422,0.0134738585447226
"123",2021-07-25,"HARV",0.429633066355878,0.0135280258070917
"124",2021-07-26,"HARV",0.428875616617423,0.0135819770428125
"125",2021-07-27,"HARV",0.422791803155188,0.0136357148160862
"126",2021-07-28,"HARV",0.42095979135297,0.0136892416407841
"127",2021-07-29,"HARV",0.420964257618206,0.0137425599818201
"128",2021-07-30,"HARV",0.417663730880458,0.0137956722564748
"129",2021-07-31,"HARV",0.417557025884228,0.0138485808356746
"130",2021-08-01,"HARV",0.414736255130229,0.0139012880452266
"131",2021-08-02,"HARV",0.416948622663104,0.0139537961670115
"132",2021-08-03,"HARV",0.418723008189458,0.0140061074401366
"133",2021-08-04,"HARV",0.416633569516319,0.0140582240620498
"134",2021-08-05,"HARV",0.421526463267131,0.0141101481896166
"135",2021-08-06,"HARV",0.421378090875474,0.014161881940162
"136",2021-08-07,"HARV",0.420803303412716,0.0142134273924776
"137",2021-08-08,"HARV",0.414348730292918,0.0142647865877965
"138",2021-08-09,"HARV",0.419202974467166,0.0143159615307363
"139",2021-08-10,"HARV",0.422949591113601,0.0143669541902127
"140",2021-08-11,"HARV",0.413773899985534,0.0144177665003222
"141",2021-08-12,"HARV",0.415428859529231,0.0144684003611996
"142",2021-08-13,"HARV",0.416667958905928,0.0145188576398457
"143",2021-08-14,"HARV",0.416004982768392,0.0145691401709315
"144",2021-08-15,"HARV",0.417093062307822,0.0146192497575763
"145",2021-08-16,"HARV",0.41745277571989,0.0146691881721022
"146",2021-08-17,"HARV",0.418266557417264,0.0147189571567651
"147",2021-08-18,"HARV",0.415304842686775,0.0147685584244649
"148",2021-08-19,"HARV",0.416885932820233,0.0148179936594324
"149",2021-08-20,"HARV",0.419606022329004,0.0148672645178972
"150",2021-08-21,"HARV",0.413875495250725,0.0149163726287348
"151",2021-08-22,"HARV",0.412131434572677,0.0149653195940954
"152",2021-08-23,"HARV",0.414027430853865,0.0150141069900131
"153",2021-08-24,"HARV",0.415049181843623,0.0150627363669987
"154",2021-08-25,"HARV",0.41146236898857,0.0151112092506143
"155",2021-08-26,"HARV",0.411529196170411,0.0151595271420317
"156",2021-08-27,"HARV",0.41213172358043,0.0152076915185752
"157",2021-08-28,"HARV",0.410325957788718,0.015255703834248
"158",2021-08-29,"HARV",0.407801133963788,0.015303565520245
"159",2021-08-30,"HARV",0.412249752828925,0.0153512779854506
"160",2021-08-31,"HARV",0.407480487028792,0.0153988426169217
"161",2021-09-01,"HARV",0.415432933906601,0.0154462607803594
"162",2021-09-02,"HARV",0.408029642396614,0.0154935338205658
"163",2021-09-03,"HARV",0.406313427838938,0.015540663061889
"164",2021-09-04,"HARV",0.412222514332922,0.0155876498086564
"165",2021-09-05,"HARV",0.415201583803013,0.0156344953455956
"166",2021-09-06,"HARV",0.414173017574415,0.0156812009382444
"167",2021-09-07,"HARV",0.405383964738552,0.0157277678333495
"168",2021-09-08,"HARV",0.413545393316488,0.015774197259255
"169",2021-09-09,"HARV",0.411196148705847,0.0158204904262805
"170",2021-09-10,"HARV",0.406789181969604,0.0158666485270891
"171",2021-09-11,"HARV",0.407644694620084,0.0159126727370459
"172",2021-09-12,"HARV",0.412226401680596,0.0159585642145674
"173",2021-09-13,"HARV",0.413526223342646,0.0160043241014614
"174",2021-09-14,"HARV",0.417071748798436,0.0160499535232586
"175",2021-09-15,"HARV",0.406416733394589,0.016095453589536
"176",2021-09-16,"HARV",0.415176888366653,0.016140825394231
"177",2021-09-17,"HARV",0.408051425704206,0.0161860700159489
"178",2021-09-18,"HARV",0.404341279955491,0.0162311885182615
"179",2021-09-19,"HARV",0.404727304762381,0.0162761819499995
"180",2021-09-20,"HARV",0.417258432295152,0.0163210513455364
"181",2021-03-25,"BART",0.344016221623819,0.00219821321201347
"182",2021-03-26,"BART",0.34578472521347,0.00237984378790418
"183",2021-03-27,"BART",0.343866894709299,0.00254856908274026
"184",2021-03-28,"BART",0.343862766636608,0.00270680347841734
"185",2021-03-29,"BART",0.344384454098559,0.00285629104958618
"186",2021-03-30,"BART",0.344251441933975,0.00299834034731078
"187",2021-03-31,"BART",0.345509266910229,0.00313396297156721
"188",2021-04-01,"BART",0.345455258729829,0.00326396013575231
"189",2021-04-02,"BART",0.34586972928126,0.00338897925952275
"190",2021-04-03,"BART",0.345003736237005,0.00350955237452377
"191",2021-04-04,"BART",0.344044195267056,0.00362612301407944
"192",2021-04-05,"BART",0.344987834058868,0.00373906554554676
"193",2021-04-06,"BART",0.345306546928722,0.00384869938976712
"194",2021-04-07,"BART",0.34461741594835,0.00395529968918057
"195",2021-04-08,"BART",0.346584956208022,0.00405910545200422
"196",2021-04-09,"BART",0.344874328672676,0.00416032586606768
"197",2021-04-10,"BART",0.345571692109227,0.00425914526127841
"198",2021-04-11,"BART",0.345548815952719,0.00435572705827336
"199",2021-04-12,"BART",0.346294637740334,0.00445021694546283
"200",2021-04-13,"BART",0.345098350587179,0.00454274546111538
"201",2021-04-14,"BART",0.345659980949597,0.00463343011125378
"202",2021-04-15,"BART",0.345184211546176,0.00472237712144469
"203",2021-04-16,"BART",0.346139227894533,0.00480968289698935
"204",2021-04-17,"BART",0.345364112878801,0.00489543524873015
"205",2021-04-18,"BART",0.345800035658378,0.00497971442887923
"206",2021-04-19,"BART",0.343439139633313,0.00506259401166287
"207",2021-04-20,"BART",0.344122180084329,0.00514414164628207
"208",2021-04-21,"BART",0.345414090461939,0.00522441970411497
"209",2021-04-22,"BART",0.345261952297575,0.00530348583776863
"210",2021-04-23,"BART",0.342514164535591,0.00538139346622357
"211",2021-04-24,"BART",0.343396651252952,0.00545819219767352
"212",2021-04-25,"BART",0.342673128339782,0.00553392819956999
"213",2021-04-26,"BART",0.34277841954722,0.00560864452371124
"214",2021-04-27,"BART",0.343302433045967,0.00568238139287836
"215",2021-04-28,"BART",0.342414586558886,0.00575517645442819
"216",2021-04-29,"BART",0.343269698075811,0.00582706500539343
"217",2021-04-30,"BART",0.341934997666906,0.00589808019289711
"218",2021-05-01,"BART",0.342552175360929,0.00596825319312072
"219",2021-05-02,"BART",0.343238109509896,0.00603761337155917
"220",2021-05-03,"BART",0.344040514625192,0.00610618842690219
"221",2021-05-04,"BART",0.343335231991826,0.0061740045205454
"222",2021-05-05,"BART",0.34489867607898,0.00624108639343807
"223",2021-05-06,"BART",0.346567779015073,0.00630745747175959
"224",2021-05-07,"BART",0.346912395052031,0.00637313996269595
"225",2021-05-08,"BART",0.347589763808851,0.00643815494142663
"226",2021-05-09,"BART",0.349472904833969,0.00650252243029292
"227",2021-05-10,"BART",0.349013510023899,0.00656626147098521
"228",2021-05-11,"BART",0.352153355180627,0.00662939019048997
"229",2021-05-12,"BART",0.3579700110893,0.00669192586144024
"230",2021-05-13,"BART",0.357662047781136,0.00675388495744361
"231",2021-05-14,"BART",0.361708021398134,0.00681528320388586
"232",2021-05-15,"BART",0.363171857415419,0.00687613562465639
"233",2021-05-16,"BART",0.367601174164922,0.00693645658518671
"234",2021-05-17,"BART",0.378678551818353,0.00699625983215246
"235",2021-05-18,"BART",0.380123306649106,0.00705555853015222
"236",2021-05-19,"BART",0.387921821779084,0.00711436529563325
"237",2021-05-20,"BART",0.390256490446326,0.00717269222832034
"238",2021-05-21,"BART",0.408153781164568,0.00723055094036329
"239",2021-05-22,"BART",0.408956808996402,0.00728795258340431
"240",2021-05-23,"BART",0.412386903690862,0.0073449078737442
"241",2021-05-24,"BART",0.427796426545751,0.00740142711576608
"242",2021-05-25,"BART",0.429447826873088,0.007457520223766
"243",2021-05-26,"BART",0.432574782800049,0.00751319674231365
"244",2021-05-27,"BART",0.448672845588641,0.00756846586527393
"245",2021-05-28,"BART",0.453633838560297,0.0076233364535791
"246",2021-05-29,"BART",0.453658218652102,0.00767781705186926
"247",2021-05-30,"BART",0.449490196974391,0.00773191590407063
"248",2021-05-31,"BART",0.449654568576723,0.00778564096800727
"249",2021-06-01,"BART",0.453307291249813,0.00783899992910742
"250",2021-06-02,"BART",0.447384673684693,0.00789200021327985
"251",2021-06-03,"BART",0.454675874289308,0.00794464899901837
"252",2021-06-04,"BART",0.453833345914551,0.00799695322878818
"253",2021-06-05,"BART",0.444512793821738,0.00804891961974846
"254",2021-06-06,"BART",0.456149822750372,0.00810055467385634
"255",2021-06-07,"BART",0.457530010349791,0.00815186468739593
"256",2021-06-08,"BART",0.455498895486257,0.00820285575997187
"257",2021-06-09,"BART",0.447293980204014,0.00825353380300242
"258",2021-06-10,"BART",0.44657637655353,0.00830390454774749
"259",2021-06-11,"BART",0.442514385478,0.00835397355290335
"260",2021-06-12,"BART",0.447153864590998,0.00840374621178586
"261",2021-06-13,"BART",0.448974401850374,0.00845322775914054
"262",2021-06-14,"BART",0.441157681760396,0.0085024232775891
"263",2021-06-15,"BART",0.450850791369279,0.00855133770374916
"264",2021-06-16,"BART",0.442092105796115,0.00859997583403688
"265",2021-06-17,"BART",0.449132485824537,0.00864834233017842
"266",2021-06-18,"BART",0.451261791494966,0.00869644172444528
"267",2021-06-19,"BART",0.436398391298094,0.00874427842463066
"268",2021-06-20,"BART",0.446482488748372,0.00879185671878391
"269",2021-06-21,"BART",0.445976891456395,0.00883918077971346
"270",2021-06-22,"BART",0.450373090340813,0.00888625466927728
"271",2021-06-23,"BART",0.452622064494749,0.00893308234246804
"272",2021-06-24,"BART",0.44305115020784,0.00897966765130731
"273",2021-06-25,"BART",0.44751406529282,0.00902601434855993
"274",2021-06-26,"BART",0.439971858452983,0.00907212609127783
"275",2021-06-27,"BART",0.451216525677687,0.00911800644418104
"276",2021-06-28,"BART",0.43470982550964,0.00916365888288939
"277",2021-06-29,"BART",0.445255336263724,0.00920908679700838
"278",2021-06-30,"BART",0.446226159051372,0.00925429349307977
"279",2021-07-01,"BART",0.450590595071556,0.00929928219740239
"280",2021-07-02,"BART",0.451042723769129,0.00934405605873229
"281",2021-07-03,"BART",0.448906240720537,0.009388618150866
"282",2021-07-04,"BART",0.446186634563697,0.00943297147511596
"283",2021-07-05,"BART",0.439580151773043,0.00947711896267833
"284",2021-07-06,"BART",0.437793352975315,0.00952106347690718
"285",2021-07-07,"BART",0.431071327397865,0.00956480781549007
"286",2021-07-08,"BART",0.446226455865447,0.00960835471253807
"287",2021-07-09,"BART",0.428448503951043,0.00965170684058897
"288",2021-07-10,"BART",0.430554768490471,0.00969486681253062
"289",2021-07-11,"BART",0.431085597143484,0.00973783718344923
"290",2021-07-12,"BART",0.440212459493621,0.00978062045240163
"291",2021-07-13,"BART",0.441273348316595,0.00982321906412181
"292",2021-07-14,"BART",0.444470126699399,0.00986563541065821
"293",2021-07-15,"BART",0.438384644326545,0.00990787183294933
"294",2021-07-16,"BART",0.445158995299382,0.00994993062234012
"295",2021-07-17,"BART",0.443946899492447,0.00999181402203903
"296",2021-07-18,"BART",0.438643099613829,0.010033524228523
"297",2021-07-19,"BART",0.444038885955796,0.0100750633928877
"298",2021-07-20,"BART",0.435265176936846,0.0101164336221498
"299",2021-07-21,"BART",0.433968779207127,0.0101576369805
"300",2021-07-22,"BART",0.431170079551467,0.0101986754905124
"301",2021-07-23,"BART",0.431559781944937,0.0102395511343095
"302",2021-07-24,"BART",0.442781207459666,0.0102802658546846
"303",2021-07-25,"BART",0.443361395752199,0.0103208215561867
"304",2021-07-26,"BART",0.438182808179154,0.0103612201061652
"305",2021-07-27,"BART",0.43626248281385,0.0104014633357787
"306",2021-07-28,"BART",0.433313000925287,0.0104415530409701
"307",2021-07-29,"BART",0.439407928471578,0.0104814909834061
"308",2021-07-30,"BART",0.43645929018363,0.0105212788913872
"309",2021-07-31,"BART",0.435348963900432,0.0105609184607244
"310",2021-08-01,"BART",0.421711816715273,0.0106004113555879
"311",2021-08-02,"BART",0.436089074111825,0.0106397592093276
"312",2021-08-03,"BART",0.429104633949198,0.0106789636252661
"313",2021-08-04,"BART",0.430584558812953,0.0107180261774654
"314",2021-08-05,"BART",0.436474498208735,0.0107569484114685
"315",2021-08-06,"BART",0.43541074426766,0.0107957318450184
"316",2021-08-07,"BART",0.431587043603873,0.0108343779687516
"317",2021-08-08,"BART",0.423350047226279,0.0108728882468732
"318",2021-08-09,"BART",0.433594463778589,0.0109112641178047
"319",2021-08-10,"BART",0.435458335913421,0.0109495069948187
"320",2021-08-11,"BART",0.433356524789856,0.0109876182666471
"321",2021-08-12,"BART",0.427622226778916,0.0110255992980751
"322",2021-08-13,"BART",0.43248411172168,0.0110634514305144
"323",2021-08-14,"BART",0.433435826449723,0.0111011759825606
"324",2021-08-15,"BART",0.43432893896144,0.0111387742505307
"325",2021-08-16,"BART",0.431247702617345,0.0111762475089885
"326",2021-08-17,"BART",0.432585458504662,0.0112135970112514
"327",2021-08-18,"BART",0.433434637675038,0.0112508239898819
"328",2021-08-19,"BART",0.4329798311107,0.0112879296571665
"329",2021-08-20,"BART",0.436075348124479,0.0113249152055794
"330",2021-08-21,"BART",0.429653864291558,0.0113617818082319
"331",2021-08-22,"BART",0.424267585660041,0.0113985306193105
"332",2021-08-23,"BART",0.429183805168688,0.0114351627745009
"333",2021-08-24,"BART",0.432583273344475,0.0114716793914006
"334",2021-08-25,"BART",0.428681297646993,0.0115080815699198
"335",2021-08-26,"BART",0.426780324338523,0.0115443703926698
"336",2021-08-27,"BART",0.426172166869905,0.0115805469253426
"337",2021-08-28,"BART",0.423064086838068,0.0116166122170775
"338",2021-08-29,"BART",0.418166525883059,0.01165256730082
"339",2021-08-30,"BART",0.422956795306968,0.0116884131936679
"340",2021-08-31,"BART",0.418959097547189,0.0117241508972106
"341",2021-09-01,"BART",0.423209108419965,0.0117597813978579
"342",2021-09-02,"BART",0.423580073047477,0.0117953056671601
"343",2021-09-03,"BART",0.421312877939425,0.0118307246621186
"344",2021-09-04,"BART",0.421743871516257,0.0118660393254902
"345",2021-09-05,"BART",0.426915693552355,0.0119012505860804
"346",2021-09-06,"BART",0.423871216913195,0.0119363593590332
"347",2021-09-07,"BART",0.41797326284815,0.0119713665461077
"348",2021-09-08,"BART",0.418801737721074,0.0120062730359531
"349",2021-09-09,"BART",0.417204217211978,0.0120410797043717
"350",2021-09-10,"BART",0.419730026502603,0.0120757874145793
"351",2021-09-11,"BART",0.414923852636168,0.012110397017455
"352",2021-09-12,"BART",0.41555156541135,0.0121449093517885
"353",2021-09-13,"BART",0.413942236571595,0.0121793252445172
"354",2021-09-14,"BART",0.406424171421818,0.0122136455109607
"355",2021-09-15,"BART",0.397641805458383,0.0122478709550472
"356",2021-09-16,"BART",0.408361668414821,0.0122820023695355
"357",2021-09-17,"BART",0.4005945649665,0.0123160405362302
"358",2021-09-18,"BART",0.406294725003443,0.0123499862261933
"359",2021-09-19,"BART",0.401849010465455,0.0123838401999489
"360",2021-09-20,"BART",0.40280175950979,0.0124176032076842
"361",2021-03-25,"SCBI",0.327902662714822,0.0017431978907092
"362",2021-03-26,"SCBI",0.329069790146369,0.0020047327337685
"363",2021-03-27,"SCBI",0.328954844822084,0.00223589241182931
"364",2021-03-28,"SCBI",0.327688885172711,0.00244530642634544
"365",2021-03-29,"SCBI",0.327605483298774,0.00263815830845399
"366",2021-03-30,"SCBI",0.330005417515545,0.00281785061789258
"367",2021-03-31,"SCBI",0.331243749950921,0.00298675945698068
"368",2021-04-01,"SCBI",0.331709285148822,0.00314662185685544
"369",2021-04-02,"SCBI",0.333389400334791,0.00329875329110241
"370",2021-04-03,"SCBI",0.333369698568148,0.00344417835668853
"371",2021-04-04,"SCBI",0.334677417952758,0.00358371356886605
"372",2021-04-05,"SCBI",0.333332060715922,0.00371802211542543
"373",2021-04-06,"SCBI",0.335820955953144,0.00384765137146048
"374",2021-04-07,"SCBI",0.337562561446077,0.00397305937817105
"375",2021-04-08,"SCBI",0.342369658449384,0.00409463401191901
"376",2021-04-09,"SCBI",0.34166266538981,0.00421270716829997
"377",2021-04-10,"SCBI",0.347017083574112,0.00432756545965196
"378",2021-04-11,"SCBI",0.350657882303619,0.0044394584195615
"379",2021-04-12,"SCBI",0.353074401993965,0.00454860488968162
"380",2021-04-13,"SCBI",0.35596153264728,0.0046551980580955
"381",2021-04-14,"SCBI",0.364574756722076,0.00475940948167602
"382",2021-04-15,"SCBI",0.368475705211893,0.00486139233216293
"383",2021-04-16,"SCBI",0.375334068010389,0.00496128404157603
"384",2021-04-17,"SCBI",0.376415050296497,0.0050592084774676
"385",2021-04-18,"SCBI",0.377777067895658,0.00515527774628444
"386",2021-04-19,"SCBI",0.384460171089534,0.0052495936997084
"387",2021-04-20,"SCBI",0.380900458577431,0.00534224920167548
"388",2021-04-21,"SCBI",0.392238823259987,0.0054333292009543
"389",2021-04-22,"SCBI",0.38960294319357,0.00552291164456914
"390",2021-04-23,"SCBI",0.395688742947434,0.00561106826000057
"391",2021-04-24,"SCBI",0.40059544814593,0.00569786522850596
"392",2021-04-25,"SCBI",0.396183227848701,0.00578336376752064
"393",2021-04-26,"SCBI",0.40766085744672,0.00586762063671648
"394",2021-04-27,"SCBI",0.402482973242494,0.00595068857959496
"395",2021-04-28,"SCBI",0.409320418565143,0.00603261671038796
"396",2021-04-29,"SCBI",0.408341905520172,0.00611345085431059
"397",2021-04-30,"SCBI",0.413509601689001,0.00619323384787335
"398",2021-05-01,"SCBI",0.413629941373373,0.006272005804832
"399",2021-05-02,"SCBI",0.413690771789551,0.00634980435246124
"400",2021-05-03,"SCBI",0.416087526322595,0.00642666484210741
"401",2021-05-04,"SCBI",0.421372495275534,0.00650262053735629
"402",2021-05-05,"SCBI",0.426977642705383,0.00657770278265951
"403",2021-05-06,"SCBI",0.436264343027792,0.00665194115484552
"404",2021-05-07,"SCBI",0.434375056620886,0.00672536359958809
"405",2021-05-08,"SCBI",0.436382316455667,0.00679799655462554
"406",2021-05-09,"SCBI",0.429950213141886,0.0068698650612577
"407",2021-05-10,"SCBI",0.428557495407345,0.00694099286547001
"408",2021-05-11,"SCBI",0.421716910146005,0.00701140250982785
"409",2021-05-12,"SCBI",0.42956634352683,0.00708111541715656
"410",2021-05-13,"SCBI",0.431774019587644,0.00715015196688817
"411",2021-05-14,"SCBI",0.434206355809232,0.00721853156484004
"412",2021-05-15,"SCBI",0.430722950071508,0.00728627270710897
"413",2021-05-16,"SCBI",0.424455012906824,0.00735339303866978
"414",2021-05-17,"SCBI",0.427535749321399,0.00741990940721377
"415",2021-05-18,"SCBI",0.427307456401187,0.00748583791268076
"416",2021-05-19,"SCBI",0.431513887293157,0.00755119395290821
"417",2021-05-20,"SCBI",0.432978462847644,0.00761599226575599
"418",2021-05-21,"SCBI",0.423627628600192,0.00768024696803749
"419",2021-05-22,"SCBI",0.429300028084945,0.00774397159154688
"420",2021-05-23,"SCBI",0.426209305524537,0.00780717911644341
"421",2021-05-24,"SCBI",0.425926185577205,0.0078698820022261
"422",2021-05-25,"SCBI",0.427281522502661,0.00793209221650565
"423",2021-05-26,"SCBI",0.421747324764211,0.0079938212617654
"424",2021-05-27,"SCBI",0.424262910319002,0.00805508020028001
"425",2021-05-28,"SCBI",0.427210562518332,0.0081158796773424
"426",2021-05-29,"SCBI",0.425226937728878,0.00817622994293704
"427",2021-05-30,"SCBI",0.427458989312374,0.00823614087198976
"428",2021-05-31,"SCBI",0.421749655288097,0.00829562198330003
"429",2021-06-01,"SCBI",0.423513109469279,0.00835468245726317
"430",2021-06-02,"SCBI",0.424546228933265,0.00841333115247422
"431",2021-06-03,"SCBI",0.419059958612151,0.00847157662130044
"432",2021-06-04,"SCBI",0.419483160445799,0.00852942712449617
"433",2021-06-05,"SCBI",0.424660922087367,0.00858689064493268
"434",2021-06-06,"SCBI",0.418415230706382,0.00864397490051072
"435",2021-06-07,"SCBI",0.423840419729823,0.00870068735630986
"436",2021-06-08,"SCBI",0.424394476647369,0.00875703523602978
"437",2021-06-09,"SCBI",0.423497992941856,0.00881302553277735
"438",2021-06-10,"SCBI",0.420025438966169,0.00886866501923939
"439",2021-06-11,"SCBI",0.421075507900115,0.00892396025728587
"440",2021-06-12,"SCBI",0.416419188915132,0.00897891760704284
"441",2021-06-13,"SCBI",0.415396292890663,0.00903354323546957
"442",2021-06-14,"SCBI",0.418629670387605,0.00908784312447053
"443",2021-06-15,"SCBI",0.416701440108064,0.00914182307857725
"444",2021-06-16,"SCBI",0.417829712376536,0.00919548873222198
"445",2021-06-17,"SCBI",0.419093044548021,0.00924884555663619
"446",2021-06-18,"SCBI",0.415984010053862,0.00930189886638949
"447",2021-06-19,"SCBI",0.42091577257564,0.00935465382559836
"448",2021-06-20,"SCBI",0.41827169372081,0.00940711545382078
"449",2021-06-21,"SCBI",0.419954330632443,0.00945928863165735
"450",2021-06-22,"SCBI",0.417238393155149,0.00951117810607716
"451",2021-06-23,"SCBI",0.422113340881781,0.00956278849548287
"452",2021-06-24,"SCBI",0.418780870223152,0.00961412429453329
"453",2021-06-25,"SCBI",0.414572238546113,0.00966518987873377
"454",2021-06-26,"SCBI",0.415861263210863,0.00971598950881192
"455",2021-06-27,"SCBI",0.417502558344547,0.00976652733488736
"456",2021-06-28,"SCBI",0.41471809664037,0.00981680740044955
"457",2021-06-29,"SCBI",0.414368060799846,0.00986683364615426
"458",2021-06-30,"SCBI",0.41516950457127,0.00991660991344606
"459",2021-07-01,"SCBI",0.412918228657476,0.00996613994801954
"460",2021-07-02,"SCBI",0.409679338598696,0.0100154274031281
"461",2021-07-03,"SCBI",0.408527703088231,0.0100644758427437
"462",2021-07-04,"SCBI",0.414219351754447,0.0101132887445838
"463",2021-07-05,"SCBI",0.41512451596701,0.0101618695030026
"464",2021-07-06,"SCBI",0.417900790583008,0.010210221431763
"465",2021-07-07,"SCBI",0.41361482566656,0.0102583477666893
"466",2021-07-08,"SCBI",0.415126755079129,0.0103062516682083
"467",2021-07-09,"SCBI",0.412500909983291,0.0103539362237859
"468",2021-07-10,"SCBI",0.410193137393121,0.0104014044502631
"469",2021-07-11,"SCBI",0.405013206770431,0.0104486592960966
"470",2021-07-12,"SCBI",0.406017677600397,0.0104957036435081
"471",2021-07-13,"SCBI",0.415418733860529,0.0105425403105496
"472",2021-07-14,"SCBI",0.411282767514766,0.0105891720530844
"473",2021-07-15,"SCBI",0.406004912424235,0.0106356015666915
"474",2021-07-16,"SCBI",0.409410235703876,0.0106818314884941
"475",2021-07-17,"SCBI",0.411774825613273,0.0107278643989207
"476",2021-07-18,"SCBI",0.412397263807725,0.0107737028233946
"477",2021-07-19,"SCBI",0.410257860353976,0.0108193492339619
"478",2021-07-20,"SCBI",0.411734881481034,0.010864806050857
"479",2021-07-21,"SCBI",0.404691786907809,0.0109100756440098
"480",2021-07-22,"SCBI",0.407250255220176,0.0109551603344969
"481",2021-07-23,"SCBI",0.412431528822229,0.01100006239594
"482",2021-07-24,"SCBI",0.414846697231301,0.0110447840558526
"483",2021-07-25,"SCBI",0.413754244026549,0.0110893274969373
"484",2021-07-26,"SCBI",0.411688188971544,0.0111336948583383
"485",2021-07-27,"SCBI",0.411432541360653,0.0111778882368483
"486",2021-07-28,"SCBI",0.410289189067839,0.0112219096880726
"487",2021-07-29,"SCBI",0.410097214357522,0.0112657612275523
"488",2021-07-30,"SCBI",0.40982731605813,0.011309444831849
"489",2021-07-31,"SCBI",0.413139475459607,0.0113529624395917
"490",2021-08-01,"SCBI",0.408966593120587,0.0113963159524879
"491",2021-08-02,"SCBI",0.411300729319307,0.0114395072363002
"492",2021-08-03,"SCBI",0.41038364509224,0.0114825381217899
"493",2021-08-04,"SCBI",0.412759269596015,0.0115254104056292
"494",2021-08-05,"SCBI",0.412847077513563,0.0115681258512831
"495",2021-08-06,"SCBI",0.404976419006011,0.0116106861898621
"496",2021-08-07,"SCBI",0.412401968415363,0.0116530931209468
"497",2021-08-08,"SCBI",0.409402645832063,0.011695348313385
"498",2021-08-09,"SCBI",0.412537446790288,0.0117374534060659
"499",2021-08-10,"SCBI",0.409699038572317,0.0117794100086648
"500",2021-08-11,"SCBI",0.406295219887258,0.0118212197023689
"501",2021-08-12,"SCBI",0.407398087128625,0.0118628840405768
"502",2021-08-13,"SCBI",0.407114321932555,0.0119044045495776
"503",2021-08-14,"SCBI",0.406583726787544,0.011945782729208
"504",2021-08-15,"SCBI",0.410823346926333,0.0119870200534901
"505",2021-08-16,"SCBI",0.413753396318381,0.0120281179712484
"506",2021-08-17,"SCBI",0.411386109990473,0.012069077906709
"507",2021-08-18,"SCBI",0.410822423899695,0.0121099012600794
"508",2021-08-19,"SCBI",0.409036005903052,0.0121505894081128
"509",2021-08-20,"SCBI",0.408022433163274,0.0121911437046527
"510",2021-08-21,"SCBI",0.408840689742154,0.0122315654811638
"511",2021-08-22,"SCBI",0.410577463848247,0.0122718560472468
"512",2021-08-23,"SCBI",0.402628467567583,0.0123120166911357
"513",2021-08-24,"SCBI",0.407018848041699,0.0123520486801852
"514",2021-08-25,"SCBI",0.409556925924078,0.0123919532613386
"515",2021-08-26,"SCBI",0.40441488458964,0.0124317316615862
"516",2021-08-27,"SCBI",0.406821133127004,0.0124713850884098
"517",2021-08-28,"SCBI",0.408783243072192,0.0125109147302124
"518",2021-08-29,"SCBI",0.40654487341034,0.0125503217567389
"519",2021-08-30,"SCBI",0.406291313459612,0.0125896073194828
"520",2021-08-31,"SCBI",0.400186887362159,0.0126287725520824
"521",2021-09-01,"SCBI",0.405585362609399,0.0126678185707056
"522",2021-09-02,"SCBI",0.404980925603092,0.0127067464744252
"523",2021-09-03,"SCBI",0.411835882767074,0.0127455573455814
"524",2021-09-04,"SCBI",0.403801790422202,0.0127842522501384
"525",2021-09-05,"SCBI",0.400280220873434,0.012822832238027
"526",2021-09-06,"SCBI",0.40132768660371,0.0128612983434813
"527",2021-09-07,"SCBI",0.405204883471126,0.0128996515853647
"528",2021-09-08,"SCBI",0.404876762987821,0.0129378929674874
"529",2021-09-09,"SCBI",0.404428128067844,0.0129760234789166
"530",2021-09-10,"SCBI",0.404035947762553,0.013014044094277
"531",2021-09-11,"SCBI",0.401745496962038,0.0130519557740446
"532",2021-09-12,"SCBI",0.40374954187955,0.0130897594648322
"533",2021-09-13,"SCBI",0.403191357666598,0.0131274560996681
"534",2021-09-14,"SCBI",0.407812721915805,0.013165046598267
"535",2021-09-15,"SCBI",0.406490220491233,0.0132025318672947
"536",2021-09-16,"SCBI",0.40575354946773,0.0132399128006254
"537",2021-09-17,"SCBI",0.403505000690718,0.0132771902795935
"538",2021-09-18,"SCBI",0.405345489121022,0.0133143651732367
"539",2021-09-19,"SCBI",0.405030578405319,0.0133514383385371
"540",2021-09-20,"SCBI",0.406527357919706,0.013388410620652
"541",2021-03-25,"STEI",0.345399052859523,0.00137646389031137
"542",2021-03-26,"STEI",0.345337508474139,0.00156463693310682
"543",2021-03-27,"STEI",0.345504376354789,0.00173249518755841
"544",2021-03-28,"STEI",0.345915048379177,0.00188547218731644
"545",2021-03-29,"STEI",0.345790801915,0.00202694008681426
"546",2021-03-30,"STEI",0.346135276927937,0.00215916229461632
"547",2021-03-31,"STEI",0.345776454833467,0.00228374527179076
"548",2021-04-01,"STEI",0.345148884260587,0.00240187803015302
"549",2021-04-02,"STEI",0.346477337291204,0.0025144698508473
"550",2021-04-03,"STEI",0.345006453134592,0.0026222345707605
"551",2021-04-04,"STEI",0.345541672392793,0.0027257447811469
"552",2021-04-05,"STEI",0.346412064933982,0.00282546810896933
"553",2021-04-06,"STEI",0.346122108359128,0.00292179232887047
"554",2021-04-07,"STEI",0.345558461349441,0.00301504324133112
"555",2021-04-08,"STEI",0.345306394524047,0.00310549771169466
"556",2021-04-09,"STEI",0.345772607660738,0.00319339338074776
"557",2021-04-10,"STEI",0.346490211371228,0.00327893602988411
"558",2021-04-11,"STEI",0.345805424642365,0.00336230525820586
"559",2021-04-12,"STEI",0.345415108462937,0.00344365892162146
"560",2021-04-13,"STEI",0.348099013982881,0.00352313664875392
"561",2021-04-14,"STEI",0.345641374290547,0.00360086265799631
"562",2021-04-15,"STEI",0.347788905673357,0.00367694803835206
"563",2021-04-16,"STEI",0.347346113036518,0.00375149261377
"564",2021-04-17,"STEI",0.347206220891318,0.00382458648031886
"565",2021-04-18,"STEI",0.345389521701935,0.00389631128375928
"566",2021-04-19,"STEI",0.345693058845523,0.00396674128915742
"567",2021-04-20,"STEI",0.345402187853307,0.00403594428248505
"568",2021-04-21,"STEI",0.345776908915393,0.00410398233536613
"569",2021-04-22,"STEI",0.345733259667879,0.0041709124575478
"570",2021-04-23,"STEI",0.346316992861935,0.00423678715659986
"571",2021-04-24,"STEI",0.346041068634147,0.00430165492046958
"572",2021-04-25,"STEI",0.345737870052915,0.00436556063551274
"573",2021-04-26,"STEI",0.346562304878118,0.00442854595023695
"574",2021-04-27,"STEI",0.3461017828328,0.00449064959312812
"575",2021-04-28,"STEI",0.346418195593063,0.00455190765146385
"576",2021-04-29,"STEI",0.346104974122629,0.00461235381679848
"577",2021-04-30,"STEI",0.346986272120815,0.00467201960187619
"578",2021-05-01,"STEI",0.347458869514745,0.00473093453292162
"579",2021-05-02,"STEI",0.347963599693049,0.00478912632065354
"580",2021-05-03,"STEI",0.346513195289551,0.00484662101281552
"581",2021-05-04,"STEI",0.346697695811957,0.00490344313062407
"582",2021-05-05,"STEI",0.346256780248756,0.00495961579114573
"583",2021-05-06,"STEI",0.346204613472202,0.00501516081734404
"584",2021-05-07,"STEI",0.346429744503237,0.00507009883728016
"585",2021-05-08,"STEI",0.346487315462035,0.00512444937374607
"586",2021-05-09,"STEI",0.347015340674403,0.00517823092543362
"587",2021-05-10,"STEI",0.352293165801082,0.00523146104059713
"588",2021-05-11,"STEI",0.356271815352827,0.00528415638404089
"589",2021-05-12,"STEI",0.352804839577893,0.00533633279815421
"590",2021-05-13,"STEI",0.353235978829238,0.0053880053586341
"591",2021-05-14,"STEI",0.354517745944184,0.00543918842544006
"592",2021-05-15,"STEI",0.356747110947775,0.00548989568947983
"593",2021-05-16,"STEI",0.368857088004169,0.00554014021545141
"594",2021-05-17,"STEI",0.374952825514247,0.00558993448121964
"595",2021-05-18,"STEI",0.4003831033839,0.00563929041406519
"596",2021-05-19,"STEI",0.397715676010939,0.00568821942410652
"597",2021-05-20,"STEI",0.409066889232772,0.00573673243515743
"598",2021-05-21,"STEI",0.41176643016905,0.00578483991325396
"599",2021-05-22,"STEI",0.402754991247442,0.00583255189307025
"600",2021-05-23,"STEI",0.414730389681576,0.00587987800240225
"601",2021-05-24,"STEI",0.421470551631945,0.0059268274848957
"602",2021-05-25,"STEI",0.429282654556324,0.00597340922116513
"603",2021-05-26,"STEI",0.43717517301304,0.00601963174844555
"604",2021-05-27,"STEI",0.435745485514962,0.00606550327889666
"605",2021-05-28,"STEI",0.438540638291371,0.00611103171666932
"606",2021-05-29,"STEI",0.442484721085558,0.00615622467383975
"607",2021-05-30,"STEI",0.441776487142712,0.00620108948529791
"608",2021-05-31,"STEI",0.440863859159692,0.00624563322267568
"609",2021-06-01,"STEI",0.44388804547439,0.00628986270738457
"610",2021-06-02,"STEI",0.443169721296885,0.00633378452283839
"611",2021-06-03,"STEI",0.442238874517817,0.00637740502591688
"612",2021-06-04,"STEI",0.437984983064087,0.00642073035773089
"613",2021-06-05,"STEI",0.437779623428335,0.00646376645373598
"614",2021-06-06,"STEI",0.43661682064358,0.00650651905324628
"615",2021-06-07,"STEI",0.430287877579389,0.0065489937083904
"616",2021-06-08,"STEI",0.434867339456304,0.00659119579254719
"617",2021-06-09,"STEI",0.426348336193302,0.0066331305082985
"618",2021-06-10,"STEI",0.426402722050994,0.00667480289493455
"619",2021-06-11,"STEI",0.430419279554579,0.00671621783553983
"620",2021-06-12,"STEI",0.426246088691025,0.00675738006368631
"621",2021-06-13,"STEI",0.431250997981156,0.00679829416976641
"622",2021-06-14,"STEI",0.432814099984667,0.00683896460698263
"623",2021-06-15,"STEI",0.423383451584544,0.00687939569701723
"624",2021-06-16,"STEI",0.428987386593258,0.00691959163540928
"625",2021-06-17,"STEI",0.431923317966583,0.00695955649664765
"626",2021-06-18,"STEI",0.428548646427435,0.00699929423900408
"627",2021-06-19,"STEI",0.429686305300174,0.00703880870912099
"628",2021-06-20,"STEI",0.427928190167904,0.00707810364637113
"629",2021-06-21,"STEI",0.426479379937227,0.00711718268699629
"630",2021-06-22,"STEI",0.425897648382388,0.00715604936804654
"631",2021-06-23,"STEI",0.424871753911015,0.00719470713112824
"632",2021-06-24,"STEI",0.420180625938971,0.00723315932596841
"633",2021-06-25,"STEI",0.422753657049699,0.0072714092138132
"634",2021-06-26,"STEI",0.426866173496628,0.00730945997066623
"635",2021-06-27,"STEI",0.421462491701124,0.00734731469037359
"636",2021-06-28,"STEI",0.423788363917239,0.00738497638756924
"637",2021-06-29,"STEI",0.425414815215078,0.00742244800048469
"638",2021-06-30,"STEI",0.421785235775562,0.00745973239363329
"639",2021-07-01,"STEI",0.416976410007339,0.00749683236037246
"640",2021-07-02,"STEI",0.428860364029749,0.00753375062535394
"641",2021-07-03,"STEI",0.425408426319191,0.00757048984686604
"642",2021-07-04,"STEI",0.418859731831956,0.00760705261907535
"643",2021-07-05,"STEI",0.418819077587006,0.0076434414741704
"644",2021-07-06,"STEI",0.422805705198598,0.00767965888441385
"645",2021-07-07,"STEI",0.421376640931197,0.00771570726411136
"646",2021-07-08,"STEI",0.416332491467892,0.00775158897149347
"647",2021-07-09,"STEI",0.413281084200571,0.00778730631052332
"648",2021-07-10,"STEI",0.413371927318732,0.00782286153262879
"649",2021-07-11,"STEI",0.41900375751114,0.00785825683836366
"650",2021-07-12,"STEI",0.421007045342867,0.00789349437900128
"651",2021-07-13,"STEI",0.413092796087521,0.00792857625806842
"652",2021-07-14,"STEI",0.419881198840607,0.00796350453281303
"653",2021-07-15,"STEI",0.414134201619619,0.00799828121561841
"654",2021-07-16,"STEI",0.416805586937255,0.00803290827536013
"655",2021-07-17,"STEI",0.423493138638556,0.0080673876387124
"656",2021-07-18,"STEI",0.415984613687724,0.00810172119140246
"657",2021-07-19,"STEI",0.4162108178564,0.0081359107794185
"658",2021-07-20,"STEI",0.411402807653976,0.00816995821017358
"659",2021-07-21,"STEI",0.419047497080943,0.00820386525362188
"660",2021-07-22,"STEI",0.428176027154787,0.00823763364333946
"661",2021-07-23,"STEI",0.417219263419532,0.00827126507755988
"662",2021-07-24,"STEI",0.420347147048022,0.00830476122017637
"663",2021-07-25,"STEI",0.413338751126267,0.00833812370170495
"664",2021-07-26,"STEI",0.414447701036416,0.00837135412021467
"665",2021-07-27,"STEI",0.414402012756249,0.00840445404222362
"666",2021-07-28,"STEI",0.418782317890387,0.00843742500356492
"667",2021-07-29,"STEI",0.415587212294838,0.00847026851022098
"668",2021-07-30,"STEI",0.415976790733973,0.00850298603912947
"669",2021-07-31,"STEI",0.414160546053465,0.00853557903896141
"670",2021-08-01,"STEI",0.408404603188144,0.00856804893087237
"671",2021-08-02,"STEI",0.407419347380372,0.00860039710922894
"672",2021-08-03,"STEI",0.40910393147053,0.00863262494231032
"673",2021-08-04,"STEI",0.411989221742932,0.00866473377298577
"674",2021-08-05,"STEI",0.419068148770067,0.00869672491937079
"675",2021-08-06,"STEI",0.413893424686884,0.00872859967546114
"676",2021-08-07,"STEI",0.419354182815102,0.00876035931174535
"677",2021-08-08,"STEI",0.410555873102646,0.00879200507579958
"678",2021-08-09,"STEI",0.415206284590319,0.00882353819286091
"679",2021-08-10,"STEI",0.411401845419465,0.00885495986638268
"680",2021-08-11,"STEI",0.414054058583459,0.00888627127857455
"681",2021-08-12,"STEI",0.412693333445758,0.0089174735909221
"682",2021-08-13,"STEI",0.412513462301349,0.00894856794469201
"683",2021-08-14,"STEI",0.405206090769743,0.00897955546142215
"684",2021-08-15,"STEI",0.412017829154977,0.00901043724339512
"685",2021-08-16,"STEI",0.411970401851558,0.00904121437409766
"686",2021-08-17,"STEI",0.411512716997352,0.00907188791866609
"687",2021-08-18,"STEI",0.415844862369806,0.00910245892431971
"688",2021-08-19,"STEI",0.407457668610121,0.00913292842077795
"689",2021-08-20,"STEI",0.415008346174277,0.00916329742066785
"690",2021-08-21,"STEI",0.403124498197657,0.00919356691991963
"691",2021-08-22,"STEI",0.413201161048704,0.0092237378981469
"692",2021-08-23,"STEI",0.416320758457818,0.0092538113190212
"693",2021-08-24,"STEI",0.408105918889638,0.00928378813063091
"694",2021-08-25,"STEI",0.40640075732314,0.00931366926583266
"695",2021-08-26,"STEI",0.412871280643353,0.00934345564259076
"696",2021-08-27,"STEI",0.411723759478851,0.00937314816430918
"697",2021-08-28,"STEI",0.416417721265134,0.00940274772015115
"698",2021-08-29,"STEI",0.412302127402068,0.00943225518535312
"699",2021-08-30,"STEI",0.411384442228644,0.00946167142152665
"700",2021-08-31,"STEI",0.411124011210616,0.00949099727695424
"701",2021-09-01,"STEI",0.403313701195369,0.00952023358687593
"702",2021-09-02,"STEI",0.407774186969985,0.00954938117376847
"703",2021-09-03,"STEI",0.412753596434286,0.0095784408476165
"704",2021-09-04,"STEI",0.411250971092276,0.00960741340617677
"705",2021-09-05,"STEI",0.407810996089966,0.00963629963523399
"706",2021-09-06,"STEI",0.409223362800745,0.00966510030885226
"707",2021-09-07,"STEI",0.408390257517345,0.00969381618961745
"708",2021-09-08,"STEI",0.397843462251769,0.00972244802887379
"709",2021-09-09,"STEI",0.404556157013247,0.00975099656695483
"710",2021-09-10,"STEI",0.402695561315951,0.00977946253340883
"711",2021-09-11,"STEI",0.405383008749205,0.00980784664721546
"712",2021-09-12,"STEI",0.404970428011993,0.00983614961700019
"713",2021-09-13,"STEI",0.400345389910779,0.00986437214124231
"714",2021-09-14,"STEI",0.404660593063482,0.00989251490847487
"715",2021-09-15,"STEI",0.40206495853322,0.00992057859748496
"716",2021-09-16,"STEI",0.400263867013563,0.00994856387750248
"717",2021-09-17,"STEI",0.398664772956253,0.00997647140839014
"718",2021-09-18,"STEI",0.385909118208415,0.0100043018408236
"719",2021-09-19,"STEI",0.386198131198636,0.0100320558164717
"720",2021-09-20,"STEI",0.386734595448015,0.0100597339681684
"721",2021-03-25,"UKFS",0.336368981140602,0.000969843049365426
"722",2021-03-26,"UKFS",0.33603411321838,0.00106246750987854
"723",2021-03-27,"UKFS",0.334528806251527,0.00114764134161272
"724",2021-03-28,"UKFS",0.334950009083663,0.00122691721754509
"725",2021-03-29,"UKFS",0.334752929985781,0.00130137344323039
"726",2021-03-30,"UKFS",0.343670505547705,0.00137179502445589
"727",2021-03-31,"UKFS",0.333990627553653,0.00143877451667818
"728",2021-04-01,"UKFS",0.334898511944421,0.00150277223854173
"729",2021-04-02,"UKFS",0.332837307781748,0.00156415423229361
"730",2021-04-03,"UKFS",0.333303307402636,0.00162321726650061
"731",2021-04-04,"UKFS",0.333472940860674,0.00168020590897294
"732",2021-04-05,"UKFS",0.334782293967856,0.00173532454292102
"733",2021-04-06,"UKFS",0.337181320514638,0.0017887460446982
"734",2021-04-07,"UKFS",0.334908285619061,0.00184061819127446
"735",2021-04-08,"UKFS",0.334827514216491,0.00189106848373122
"736",2021-04-09,"UKFS",0.338367058454094,0.00194020784061005
"737",2021-04-10,"UKFS",0.336704839061794,0.00198813346883081
"738",2021-04-11,"UKFS",0.338122726954496,0.00203493112550257
"739",2021-04-12,"UKFS",0.338203107202818,0.00208067692151831
"740",2021-04-13,"UKFS",0.337774593744737,0.00212543877552596
"741",2021-04-14,"UKFS",0.338548588049748,0.00216927759769342
"742",2021-04-15,"UKFS",0.345167878824389,0.00221224826224342
"743",2021-04-16,"UKFS",0.33909028770014,0.00225440041304992
"744",2021-04-17,"UKFS",0.340748651455453,0.00229577913605661
"745",2021-04-18,"UKFS",0.342409886339482,0.00233642552446905
"746",2021-04-19,"UKFS",0.349173348209024,0.00237637715691214
"747",2021-04-20,"UKFS",0.347680886501016,0.00241566850438524
"748",2021-04-21,"UKFS",0.346507889178215,0.00245433127856903
"749",2021-04-22,"UKFS",0.34975472704443,0.00249239473149027
"750",2021-04-23,"UKFS",0.356552366838023,0.00252988591460052
"751",2021-04-24,"UKFS",0.36095422615197,0.00256682990378548
"752",2021-04-25,"UKFS",0.369399839560552,0.00260324999564265
"753",2021-04-26,"UKFS",0.369224992615723,0.00263916787935814
"754",2021-04-27,"UKFS",0.378266417472964,0.00267460378782647
"755",2021-04-28,"UKFS",0.371330770498027,0.00270957663096899
"756",2021-04-29,"UKFS",0.376043216013344,0.00274410411376119
"757",2021-04-30,"UKFS",0.377809614282532,0.00277820284105962
"758",2021-05-01,"UKFS",0.38694533630428,0.00281188841098889
"759",2021-05-02,"UKFS",0.396603538943119,0.00284517549836827
"760",2021-05-03,"UKFS",0.393641729356186,0.00287807792946559
"761",2021-05-04,"UKFS",0.394331930428452,0.00291060874913607
"762",2021-05-05,"UKFS",0.401736298000334,0.0029427802812903
"763",2021-05-06,"UKFS",0.401222672011102,0.0029746041834679
"764",2021-05-07,"UKFS",0.402173407583416,0.00300609149621567
"765",2021-05-08,"UKFS",0.407064005931601,0.00303725268786093
"766",2021-05-09,"UKFS",0.417291791924374,0.00306809769518696
"767",2021-05-10,"UKFS",0.413286792330121,0.00309863596047111
"768",2021-05-11,"UKFS",0.41178619531575,0.00312887646526128
"769",2021-05-12,"UKFS",0.411493236417231,0.00315882776125193
"770",2021-05-13,"UKFS",0.416622696012856,0.00318849799854204
"771",2021-05-14,"UKFS",0.416888846725481,0.00321789495155433
"772",2021-05-15,"UKFS",0.415226227825365,0.00324702604283883
"773",2021-05-16,"UKFS",0.418649750284661,0.00327589836497083
"774",2021-05-17,"UKFS",0.420502524521476,0.00330451870073306
"775",2021-05-18,"UKFS",0.421475180766002,0.00333289354173194
"776",2021-05-19,"UKFS",0.423306628391079,0.00336102910560232
"777",2021-05-20,"UKFS",0.433896538429846,0.00338893135192769
"778",2021-05-21,"UKFS",0.423836078964032,0.00341660599698701
"779",2021-05-22,"UKFS",0.435470095345136,0.00344405852743979
"780",2021-05-23,"UKFS",0.412657733858669,0.00347129421303399
"781",2021-05-24,"UKFS",0.423000950710779,0.00349831811842527
"782",2021-05-25,"UKFS",0.424104156530007,0.00352513511418057
"783",2021-05-26,"UKFS",0.427817697385835,0.00355174988703238
"784",2021-05-27,"UKFS",0.424941034333983,0.00357816694944996
"785",2021-05-28,"UKFS",0.428133262627906,0.00360439064857765
"786",2021-05-29,"UKFS",0.42364930512391,0.00363042517459061
"787",2021-05-30,"UKFS",0.42519333629357,0.00365627456851941
"788",2021-05-31,"UKFS",0.419135129648971,0.00368194272957362
"789",2021-06-01,"UKFS",0.424709587450841,0.00370743342201862
"790",2021-06-02,"UKFS",0.423903365430848,0.00373275028162023
"791",2021-06-03,"UKFS",0.425940999493012,0.00375789682170696
"792",2021-06-04,"UKFS",0.425834344448749,0.00378287643885894
"793",2021-06-05,"UKFS",0.42413859034973,0.00380769241827766
"794",2021-06-06,"UKFS",0.423960737118185,0.00383234793882303
"795",2021-06-07,"UKFS",0.424956700737975,0.00385684607777892
"796",2021-06-08,"UKFS",0.42225966849995,0.00388118981533414
"797",2021-06-09,"UKFS",0.425039561019866,0.00390538203882013
"798",2021-06-10,"UKFS",0.421673679489084,0.00392942554671283
"799",2021-06-11,"UKFS",0.42087942723594,0.00395332305241136
"800",2021-06-12,"UKFS",0.420185858293485,0.00397707718781748
"801",2021-06-13,"UKFS",0.415554938443262,0.00400069050672075
"802",2021-06-14,"UKFS",0.418603893782209,0.00402416548800844
"803",2021-06-15,"UKFS",0.417404065571898,0.00404750453870029
"804",2021-06-16,"UKFS",0.418326067386135,0.00407070999683773
"805",2021-06-17,"UKFS",0.417241046263217,0.00409378413421518
"806",2021-06-18,"UKFS",0.418502704395708,0.00411672915898242
"807",2021-06-19,"UKFS",0.417463907590227,0.00413954721811016
"808",2021-06-20,"UKFS",0.417542093476989,0.00416224039973795
"809",2021-06-21,"UKFS",0.416350092086776,0.00418481073540561
"810",2021-06-22,"UKFS",0.416416615927164,0.00420726020218071
"811",2021-06-23,"UKFS",0.398246686001749,0.00422959072467854
"812",2021-06-24,"UKFS",0.408040867735098,0.00425180417699234
"813",2021-06-25,"UKFS",0.414495353881064,0.00427390238452757
"814",2021-06-26,"UKFS",0.411707604204717,0.00429588712575713
"815",2021-06-27,"UKFS",0.413354575297813,0.00431776013389307
"816",2021-06-28,"UKFS",0.412849605408985,0.0043395230984819
"817",2021-06-29,"UKFS",0.411506492651106,0.00436117766692989
"818",2021-06-30,"UKFS",0.402323754472523,0.00438272544595975
"819",2021-07-01,"UKFS",0.415686671701033,0.00440416800300336
"820",2021-07-02,"UKFS",0.411032423933306,0.00442550686753374
"821",2021-07-03,"UKFS",0.413708864135077,0.00444674353234042
"822",2021-07-04,"UKFS",0.41184565387779,0.00446787945474958
"823",2021-07-05,"UKFS",0.41546805688826,0.00448891605778884
"824",2021-07-06,"UKFS",0.422863134716774,0.0045098547313126
"825",2021-07-07,"UKFS",0.415601912721006,0.00453069683307006
"826",2021-07-08,"UKFS",0.417678948376487,0.00455144368973581
"827",2021-07-09,"UKFS",0.415126591418775,0.00457209659789659
"828",2021-07-10,"UKFS",0.415101339855649,0.00459265682499677
"829",2021-07-11,"UKFS",0.414376659081407,0.00461312561024807
"830",2021-07-12,"UKFS",0.418692698532068,0.00463350416550218
"831",2021-07-13,"UKFS",0.416715577750637,0.00465379367608976
"832",2021-07-14,"UKFS",0.417228454252421,0.00467399530162266
"833",2021-07-15,"UKFS",0.414766063792572,0.00469411017677263
"834",2021-07-16,"UKFS",0.412936263364053,0.00471413941201476
"835",2021-07-17,"UKFS",0.412475174275607,0.0047340840943399
"836",2021-07-18,"UKFS",0.41170590241468,0.00475394528794926
"837",2021-07-19,"UKFS",0.410369489553209,0.00477372403491583
"838",2021-07-20,"UKFS",0.410932278786401,0.00479342135582156
"839",2021-07-21,"UKFS",0.407329286111335,0.0048130382503751
"840",2021-07-22,"UKFS",0.410709124456844,0.00483257569800377
"841",2021-07-23,"UKFS",0.413450013104566,0.00485203465842315
"842",2021-07-24,"UKFS",0.411494138939482,0.00487141607219199
"843",2021-07-25,"UKFS",0.40957450081681,0.00489072086123898
"844",2021-07-26,"UKFS",0.404293643366872,0.00490994992937888
"845",2021-07-27,"UKFS",0.40895388996271,0.00492910416280384
"846",2021-07-28,"UKFS",0.409418072941192,0.00494818443056277
"847",2021-07-29,"UKFS",0.410140524108996,0.00496719158502101
"848",2021-07-30,"UKFS",0.406829297362256,0.00498612646230584
"849",2021-07-31,"UKFS",0.408122143444777,0.00500498988273601
"850",2021-08-01,"UKFS",0.411643476653141,0.00502378265123726
"851",2021-08-02,"UKFS",0.41440232816078,0.00504250555774294
"852",2021-08-03,"UKFS",0.408628226611851,0.00506115937758272
"853",2021-08-04,"UKFS",0.40793621388708,0.00507974487185808
"854",2021-08-05,"UKFS",0.408902066380573,0.00509826278780423
"855",2021-08-06,"UKFS",0.403902312228497,0.00511671385914092
"856",2021-08-07,"UKFS",0.404303638222622,0.00513509880641488
"857",2021-08-08,"UKFS",0.407756147370847,0.00515341833732463
"858",2021-08-09,"UKFS",0.409413639270149,0.0051716731470417
"859",2021-08-10,"UKFS",0.408088472344475,0.00518986391851844
"860",2021-08-11,"UKFS",0.406350452981425,0.00520799132278577
"861",2021-08-12,"UKFS",0.409829698019978,0.00522605601924298
"862",2021-08-13,"UKFS",0.410868769761587,0.00524405865593791
"863",2021-08-14,"UKFS",0.407771738046181,0.00526199986983844
"864",2021-08-15,"UKFS",0.405590689596276,0.00527988028709719
"865",2021-08-16,"UKFS",0.406241371666142,0.00529770052330392
"866",2021-08-17,"UKFS",0.405330836231989,0.00531546118373782
"867",2021-08-18,"UKFS",0.404593486615358,0.00533316286360253
"868",2021-08-19,"UKFS",0.394628031734531,0.00535080614826328
"869",2021-08-20,"UKFS",0.403636064187289,0.00536839161347158
"870",2021-08-21,"UKFS",0.402975364998649,0.00538591982558434
"871",2021-08-22,"UKFS",0.402949924642586,0.00540339134177781
"872",2021-08-23,"UKFS",0.403047303568972,0.00542080671025474
"873",2021-08-24,"UKFS",0.402481125252341,0.00543816647044404
"874",2021-08-25,"UKFS",0.401778437219168,0.0054554711531985
"875",2021-08-26,"UKFS",0.404913894069426,0.00547272128098192
"876",2021-08-27,"UKFS",0.407224839794034,0.0054899173680551
"877",2021-08-28,"UKFS",0.416948622501716,0.0055070599206552
"878",2021-08-29,"UKFS",0.399886157545772,0.00552414943716795
"879",2021-08-30,"UKFS",0.398655178813661,0.00554118640829931
"880",2021-08-31,"UKFS",0.400621301211484,0.00555817131723862
"881",2021-09-01,"UKFS",0.402516514232695,0.00557510463982003
"882",2021-09-02,"UKFS",0.399768042746565,0.00559198684467688
"883",2021-09-03,"UKFS",0.399173884060127,0.00560881839339444
"884",2021-09-04,"UKFS",0.399577203535806,0.00562559974065818
"885",2021-09-05,"UKFS",0.397861278082789,0.00564233133439401
"886",2021-09-06,"UKFS",0.398377630751217,0.00565901361591165
"887",2021-09-07,"UKFS",0.394770400901601,0.00567564702003887
"888",2021-09-08,"UKFS",0.397339652340922,0.00569223197525415
"889",2021-09-09,"UKFS",0.393468407231614,0.00570876890381694
"890",2021-09-10,"UKFS",0.394143896263662,0.00572525822189113
"891",2021-09-11,"UKFS",0.39440193360614,0.0057417003396692
"892",2021-09-12,"UKFS",0.395255681879908,0.00575809566149116
"893",2021-09-13,"UKFS",0.395299987865322,0.00577444458595999
"894",2021-09-14,"UKFS",0.398709339368555,0.00579074750605585
"895",2021-09-15,"UKFS",0.392434053045849,0.00580700480924606
"896",2021-09-16,"UKFS",0.390963788486465,0.00582321687759307
"897",2021-09-17,"UKFS",0.390682905767526,0.00583938408785944
"898",2021-09-18,"UKFS",0.389535635895565,0.00585550681160929
"899",2021-09-19,"UKFS",0.389291851561084,0.00587158541530958
"900",2021-09-20,"UKFS",0.386739062165352,0.00588762026042627
"901",2021-03-25,"GRSM",0.348270758588183,0.00120737199169535
"902",2021-03-26,"GRSM",0.350279554621811,0.00146046619617196
"903",2021-03-27,"GRSM",0.351844340874938,0.00167576742068565
"904",2021-03-28,"GRSM",0.350165264486078,0.00186640079864442
"905",2021-03-29,"GRSM",0.348844075661599,0.00203929595439961
"906",2021-03-30,"GRSM",0.349808727744666,0.00219864153381211
"907",2021-03-31,"GRSM",0.351471452496472,0.00234719870388561
"908",2021-04-01,"GRSM",0.352185713371251,0.00248690158112963
"909",2021-04-02,"GRSM",0.352139211432858,0.00261916737741635
"910",2021-04-03,"GRSM",0.353784694816296,0.00274507132626017
"911",2021-04-04,"GRSM",0.353177283091213,0.0028654521424788
"912",2021-04-05,"GRSM",0.356336178136828,0.00298097902295513
"913",2021-04-06,"GRSM",0.355200784141821,0.00309219605624617
"914",2021-04-07,"GRSM",0.356012973779544,0.00319955270723332
"915",2021-04-08,"GRSM",0.358022369015366,0.00330342536834427
"916",2021-04-09,"GRSM",0.360884416190988,0.00340413298278136
"917",2021-04-10,"GRSM",0.36264754487198,0.00350194861865627
"918",2021-04-11,"GRSM",0.36699106715683,0.00359710820723935
"919",2021-04-12,"GRSM",0.368079063504068,0.00368981725099427
"920",2021-04-13,"GRSM",0.371791055303677,0.0037802560497624
"921",2021-04-14,"GRSM",0.374543743566175,0.00386858382658384
"922",2021-04-15,"GRSM",0.380881134334473,0.00395494202372076
"923",2021-04-16,"GRSM",0.382349507085926,0.00403945696417696
"924",2021-04-17,"GRSM",0.388139994853634,0.0041222420219193
"925",2021-04-18,"GRSM",0.385309199943615,0.00420339940728182
"926",2021-04-19,"GRSM",0.392235860323559,0.00428302164781308
"927",2021-04-20,"GRSM",0.398901071250983,0.00436119282575331
"928",2021-04-21,"GRSM",0.404498059651195,0.00443798961930608
"929",2021-04-22,"GRSM",0.401844567771683,0.00451348218443948
"930",2021-04-23,"GRSM",0.405300166882244,0.00458773490609354
"931",2021-04-24,"GRSM",0.408649621725857,0.00466080704167204
"932",2021-04-25,"GRSM",0.410439779439362,0.00473275327512507
"933",2021-04-26,"GRSM",0.414193844314096,0.00480362419634817
"934",2021-04-27,"GRSM",0.411600924039869,0.00487346671784361
"935",2021-04-28,"GRSM",0.413459442584501,0.00494232443839959
"936",2021-04-29,"GRSM",0.415155381959679,0.00501023796179101
"937",2021-04-30,"GRSM",0.417016870461077,0.00507724517712893
"938",2021-05-01,"GRSM",0.418379092172485,0.00514338150633853
"939",2021-05-02,"GRSM",0.423306629579642,0.00520868012337028
"940",2021-05-03,"GRSM",0.425916344454079,0.00527317214898698
"941",2021-05-04,"GRSM",0.428294482186941,0.00533688682437106
"942",2021-05-05,"GRSM",0.432648226309585,0.00539985166630563
"943",2021-05-06,"GRSM",0.434867471748218,0.00546209260625968
"944",2021-05-07,"GRSM",0.43043853516381,0.00552363411537399
"945",2021-05-08,"GRSM",0.431107863458728,0.00558449931705912
"946",2021-05-09,"GRSM",0.430582304646315,0.00564471008866796
"947",2021-05-10,"GRSM",0.432340219881445,0.00570428715351801
"948",2021-05-11,"GRSM",0.435576209681302,0.00576325016435053
"949",2021-05-12,"GRSM",0.433020627060979,0.00582161777919465
"950",2021-05-13,"GRSM",0.431690428501299,0.00587940773044837
"951",2021-05-14,"GRSM",0.432218033825532,0.00593663688791785
"952",2021-05-15,"GRSM",0.428351154110365,0.00599332131643532
"953",2021-05-16,"GRSM",0.431602992853061,0.00604947632862946
"954",2021-05-17,"GRSM",0.433310980596989,0.0061051165333218
"955",2021-05-18,"GRSM",0.435214778230123,0.00616025587999736
"956",2021-05-19,"GRSM",0.435310983113986,0.00621490769972322
"957",2021-05-20,"GRSM",0.438871795228745,0.00626908474286159
"958",2021-05-21,"GRSM",0.435817594959117,0.00632279921387385
"959",2021-05-22,"GRSM",0.437164557448172,0.0063760628034919
"960",2021-05-23,"GRSM",0.436584932190621,0.00642888671848535
"961",2021-05-24,"GRSM",0.433980013952759,0.00648128170925566
"962",2021-05-25,"GRSM",0.436037816413792,0.00653325809543315
"963",2021-05-26,"GRSM",0.43642320900365,0.00658482578966069
"964",2021-05-27,"GRSM",0.433883585999733,0.00663599431971301
"965",2021-05-28,"GRSM",0.432573089500646,0.00668677284909736
"966",2021-05-29,"GRSM",0.43409573414519,0.00673717019625375
"967",2021-05-30,"GRSM",0.433822164215783,0.0067871948524767
"968",2021-05-31,"GRSM",0.435194121816643,0.00683685499865522
"969",2021-06-01,"GRSM",0.434601826583926,0.00688615852092972
"970",2021-06-02,"GRSM",0.432859024952787,0.00693511302534577
"971",2021-06-03,"GRSM",0.43261421442839,0.00698372585158569
"972",2021-06-04,"GRSM",0.430736351529402,0.00703200408584609
"973",2021-06-05,"GRSM",0.432951509756051,0.00707995457292637
"974",2021-06-06,"GRSM",0.429503779257906,0.00712758392758461
"975",2021-06-07,"GRSM",0.431562209238389,0.00717489854521802
"976",2021-06-08,"GRSM",0.433471263410414,0.00722190461191191
"977",2021-06-09,"GRSM",0.430345008227376,0.00726860811390556
"978",2021-06-10,"GRSM",0.430923483502615,0.00731501484651564
"979",2021-06-11,"GRSM",0.43360172452655,0.00736113042255138
"980",2021-06-12,"GRSM",0.432155522255597,0.00740696028026055
"981",2021-06-13,"GRSM",0.430477057749705,0.00745250969083638
"982",2021-06-14,"GRSM",0.43142855240596,0.00749778376551385
"983",2021-06-15,"GRSM",0.429281117936983,0.00754278746228171
"984",2021-06-16,"GRSM",0.427474242639587,0.00758752559224041
"985",2021-06-17,"GRSM",0.43014960393213,0.00763200282561943
"986",2021-06-18,"GRSM",0.428782999318625,0.00767622369748755
"987",2021-06-19,"GRSM",0.432699013901368,0.00772019261316398
"988",2021-06-20,"GRSM",0.430073128568693,0.00776391385335595
"989",2021-06-21,"GRSM",0.431391806370579,0.00780739157903809
"990",2021-06-22,"GRSM",0.430048511615209,0.00785062983608908
"991",2021-06-23,"GRSM",0.427332056387779,0.00789363255969872
"992",2021-06-24,"GRSM",0.430083606052367,0.00793640357856051
"993",2021-06-25,"GRSM",0.426066306117804,0.00797894661886361
"994",2021-06-26,"GRSM",0.427435923662,0.00802126530809366
"995",2021-06-27,"GRSM",0.427827053251049,0.00806336317865386
"996",2021-06-28,"GRSM",0.425382213917927,0.00810524367131726
"997",2021-06-29,"GRSM",0.42683380492976,0.00814691013852115
"998",2021-06-30,"GRSM",0.425795832117291,0.00818836584750704
"999",2021-07-01,"GRSM",0.424786498614182,0.0082296139833225
"1000",2021-07-02,"GRSM",0.427287361573113,0.00827065765168689
"1001",2021-07-03,"GRSM",0.426897446219943,0.00831149988172863
"1002",2021-07-04,"GRSM",0.425831851233144,0.00835214362860359
"1003",2021-07-05,"GRSM",0.424727330856971,0.00839259177600021
"1004",2021-07-06,"GRSM",0.423721479349338,0.00843284713853437
"1005",2021-07-07,"GRSM",0.421691586369786,0.00847291246404397
"1006",2021-07-08,"GRSM",0.420628552593615,0.00851279043578601
"1007",2021-07-09,"GRSM",0.423712495233362,0.00855248367454137
"1008",2021-07-10,"GRSM",0.424480202809768,0.00859199474063077
"1009",2021-07-11,"GRSM",0.422381703883993,0.00863132613585155
"1010",2021-07-12,"GRSM",0.421277837044443,0.00867048030533196
"1011",2021-07-13,"GRSM",0.422333994817287,0.00870945963931169
"1012",2021-07-14,"GRSM",0.421724428514415,0.00874826647485116
"1013",2021-07-15,"GRSM",0.422276803863246,0.00878690309747399
"1014",2021-07-16,"GRSM",0.422080597437919,0.00882537174274339
"1015",2021-07-17,"GRSM",0.421274823531626,0.00886367459777626
"1016",2021-07-18,"GRSM",0.419789324609543,0.00890181380270294
"1017",2021-07-19,"GRSM",0.422639487811872,0.00893979145206525
"1018",2021-07-20,"GRSM",0.421910505436582,0.008977609596166
"1019",2021-07-21,"GRSM",0.418621869387184,0.00901527024236537
"1020",2021-07-22,"GRSM",0.416481189305007,0.00905277535632965
"1021",2021-07-23,"GRSM",0.419399201795567,0.00909012686323324
"1022",2021-07-24,"GRSM",0.420383294640969,0.00912732664891625
"1023",2021-07-25,"GRSM",0.420718843153595,0.00916437656100105
"1024",2021-07-26,"GRSM",0.421227759855919,0.00920127840996721
"1025",2021-07-27,"GRSM",0.418343013232924,0.00923803397018846
"1026",2021-07-28,"GRSM",0.418132352960832,0.00927464498093217
"1027",2021-07-29,"GRSM",0.417767056825388,0.00931111314732502
"1028",2021-07-30,"GRSM",0.419589397982222,0.00934744014128208
"1029",2021-07-31,"GRSM",0.419062424533433,0.00938362760240663
"1030",2021-08-01,"GRSM",0.417854278353663,0.00941967713885716
"1031",2021-08-02,"GRSM",0.42015411032202,0.00945559032818472
"1032",2021-08-03,"GRSM",0.417716738705116,0.00949136871814266
"1033",2021-08-04,"GRSM",0.417816104494398,0.00952701382746729
"1034",2021-08-05,"GRSM",0.418870716190967,0.00956252714663602
"1035",2021-08-06,"GRSM",0.41920489272224,0.00959791013859529
"1036",2021-08-07,"GRSM",0.417082570705362,0.00963316423946897
"1037",2021-08-08,"GRSM",0.418470852738715,0.00966829085924059
"1038",2021-08-09,"GRSM",0.418786731349366,0.00970329138241521
"1039",2021-08-10,"GRSM",0.416652622575231,0.00973816716865916
"1040",2021-08-11,"GRSM",0.417469243699161,0.00977291955341886
"1041",2021-08-12,"GRSM",0.417531383240945,0.00980754984852045
"1042",2021-08-13,"GRSM",0.419465351998946,0.00984205934275101
"1043",2021-08-14,"GRSM",0.418146085341555,0.00987644930242049
"1044",2021-08-15,"GRSM",0.416829684590515,0.00991072097190648
"1045",2021-08-16,"GRSM",0.417185394790095,0.00994487557418317
"1046",2021-08-17,"GRSM",0.419062463601888,0.00997891431133158
"1047",2021-08-18,"GRSM",0.416764542566508,0.0100128383650364
"1048",2021-08-19,"GRSM",0.415553805761806,0.0100466488970689
"1049",2021-08-20,"GRSM",0.417377785005377,0.0100803470497499
"1050",2021-08-21,"GRSM",0.416311881881391,0.0101139339464058
"1051",2021-08-22,"GRSM",0.41519720097584,0.0101474106918056
"1052",2021-08-23,"GRSM",0.417670917564727,0.0101807783725887
"1053",2021-08-24,"GRSM",0.416289840813296,0.0102140380576774
"1054",2021-08-25,"GRSM",0.417650133370134,0.0102471907986795
"1055",2021-08-26,"GRSM",0.416920736222871,0.0102802376302774
"1056",2021-08-27,"GRSM",0.418594948836023,0.0103131795706078
"1057",2021-08-28,"GRSM",0.418930092516808,0.0103460176216292
"1058",2021-08-29,"GRSM",0.415893439450649,0.0103787527694796
"1059",2021-08-30,"GRSM",0.415575275749868,0.0104113859848234
"1060",2021-08-31,"GRSM",0.415156051930402,0.0104439182231909
"1061",2021-09-01,"GRSM",0.415482211990312,0.0104763504253037
"1062",2021-09-02,"GRSM",0.415584595659914,0.0105086835173963
"1063",2021-09-03,"GRSM",0.412469972136935,0.0105409184115252
"1064",2021-09-04,"GRSM",0.414532076828791,0.0105730560058717
"1065",2021-09-05,"GRSM",0.412754955957162,0.0106050971850344
"1066",2021-09-06,"GRSM",0.415164312523779,0.0106370428203158
"1067",2021-09-07,"GRSM",0.415282849915424,0.0106688937700009
"1068",2021-09-08,"GRSM",0.4113358597655,0.0107006508796257
"1069",2021-09-09,"GRSM",0.410654410759083,0.0107323149822432
"1070",2021-09-10,"GRSM",0.412409623864329,0.010763886898678
"1071",2021-09-11,"GRSM",0.412685596628624,0.0107953674377769
"1072",2021-09-12,"GRSM",0.413761674267488,0.010826757396652
"1073",2021-09-13,"GRSM",0.413956470280071,0.0108580575609169
"1074",2021-09-14,"GRSM",0.415641291470178,0.0108892687049193
"1075",2021-09-15,"GRSM",0.41572008464223,0.0109203915919638
"1076",2021-09-16,"GRSM",0.415616093891783,0.0109514269745321
"1077",2021-09-17,"GRSM",0.416150983429326,0.0109823755944963
"1078",2021-09-18,"GRSM",0.4088219687177,0.0110132381833274
"1079",2021-09-19,"GRSM",0.4144414841976,0.0110440154622981
"1080",2021-09-20,"GRSM",0.415212579625713,0.0110747081426802
"1081",2021-03-25,"DELA",0.370261297297844,0.0013600403833714
"1082",2021-03-26,"DELA",0.373184528123031,0.00154947882739703
"1083",2021-03-27,"DELA",0.379343455136082,0.00171815997246305
"1084",2021-03-28,"DELA",0.382319536171841,0.00187170430571704
"1085",2021-03-29,"DELA",0.378118494447314,0.00201357755949721
"1086",2021-03-30,"DELA",0.384639757059715,0.00214609562498091
"1087",2021-03-31,"DELA",0.392475045503169,0.00227089685779985
"1088",2021-04-01,"DELA",0.396541649443173,0.00238919084839995
"1089",2021-04-02,"DELA",0.39425434069497,0.00250190078657891
"1090",2021-04-03,"DELA",0.397846499456404,0.00260975026516752
"1091",2021-04-04,"DELA",0.402622678697839,0.00271331892935978
"1092",2021-04-05,"DELA",0.412977675499198,0.0028130796369637
"1093",2021-04-06,"DELA",0.414292603515174,0.00290942412537909
"1094",2021-04-07,"DELA",0.417987411785722,0.0030026812526659
"1095",2021-04-08,"DELA",0.419720700812582,0.00309313028105551
"1096",2021-04-09,"DELA",0.422700051629439,0.00318101075652477
"1097",2021-04-10,"DELA",0.419252952356138,0.00326652999344962
"1098",2021-04-11,"DELA",0.425786545167416,0.00334986883786453
"1099",2021-04-12,"DELA",0.421027085292943,0.00343118616980531
"1100",2021-04-13,"DELA",0.420868743688925,0.00351062246636896
"1101",2021-04-14,"DELA",0.423236274933006,0.00358830265443216
"1102",2021-04-15,"DELA",0.423712370577664,0.0036643384188037
"1103",2021-04-16,"DELA",0.421503215236146,0.00373883008772657
"1104",2021-04-17,"DELA",0.420989622111789,0.00381186818663631
"1105",2021-04-18,"DELA",0.420960086966071,0.00388353472883562
"1106",2021-04-19,"DELA",0.423080737813446,0.00395390429558229
"1107",2021-04-20,"DELA",0.421857673258104,0.00402304494609534
"1108",2021-04-21,"DELA",0.419609279845126,0.00409101898913727
"1109",2021-04-22,"DELA",0.421726818848891,0.00415788364105268
"1110",2021-04-23,"DELA",0.422034505077937,0.0042236915900466
"1111",2021-04-24,"DELA",0.424931602120854,0.00428849148252924
"1112",2021-04-25,"DELA",0.421442413493949,0.00435232834430077
"1113",2021-04-26,"DELA",0.422700856657233,0.00441524394692189
"1114",2021-04-27,"DELA",0.420802314312121,0.00447727712776114
"1115",2021-04-28,"DELA",0.42010047899638,0.00453846407067443
"1116",2021-04-29,"DELA",0.419227754065399,0.00459883855307941
"1117",2021-04-30,"DELA",0.417985393347385,0.00465843216421541
"1118",2021-05-01,"DELA",0.416109718657585,0.00471727449859544
"1119",2021-05-02,"DELA",0.417689802698603,0.00477539332800586
"1120",2021-05-03,"DELA",0.414117258185983,0.00483281475489844
"1121",2021-05-04,"DELA",0.414876206631606,0.00488956334957069
"1122",2021-05-05,"DELA",0.416057505422901,0.00494566227318816
"1123",2021-05-06,"DELA",0.416247957504994,0.00500113338838881
"1124",2021-05-07,"DELA",0.41462607596933,0.00505599735896711
"1125",2021-05-08,"DELA",0.411817951082918,0.00511027373993628
"1126",2021-05-09,"DELA",0.4114751901248,0.00516398105907062
"1127",2021-05-10,"DELA",0.409967623416955,0.00521713689089282
"1128",2021-05-11,"DELA",0.415108009751416,0.00526975792395407
"1129",2021-05-12,"DELA",0.411787949834273,0.00532186002212509
"1130",2021-05-13,"DELA",0.412837167949235,0.00537345828054403
"1131",2021-05-14,"DELA",0.411034987899133,0.00542456707677114
"1132",2021-05-15,"DELA",0.411918690463014,0.00547520011765801
"1133",2021-05-16,"DELA",0.409940215712299,0.00552537048234314
"1134",2021-05-17,"DELA",0.410977399110882,0.00557509066177403
"1135",2021-05-18,"DELA",0.411148969870769,0.00562437259508392
"1136",2021-05-19,"DELA",0.412386582611105,0.00567322770312489
"1137",2021-05-20,"DELA",0.408609855529765,0.00572166691942921
"1138",2021-05-21,"DELA",0.409462544188682,0.00576970071882976
"1139",2021-05-22,"DELA",0.413546713611882,0.00581733914395455
"1140",2021-05-23,"DELA",0.409167213015345,0.00586459182978938
"1141",2021-05-24,"DELA",0.411339165951055,0.00591146802646952
"1142",2021-05-25,"DELA",0.41436111933257,0.00595797662046221
"1143",2021-05-26,"DELA",0.409377357672037,0.00600412615427154
"1144",2021-05-27,"DELA",0.408763756672776,0.00604992484479283
"1145",2021-05-28,"DELA",0.407533427500976,0.00609538060042614
"1146",2021-05-29,"DELA",0.40892705552889,0.00614050103704872
"1147",2021-05-30,"DELA",0.411511238148074,0.00618529349294361
"1148",2021-05-31,"DELA",0.409512878211906,0.00622976504275924
"1149",2021-06-01,"DELA",0.408616991539304,0.00627392251058101
"1150",2021-06-02,"DELA",0.40789483034867,0.00631777248217913
"1151",2021-06-03,"DELA",0.407291797417122,0.00636132131650152
"1152",2021-06-04,"DELA",0.40890256088576,0.00640457515645854
"1153",2021-06-05,"DELA",0.409362804055655,0.0064475399390625
"1154",2021-06-06,"DELA",0.40559445194624,0.00649022140495925
"1155",2021-06-07,"DELA",0.409553192810455,0.00653262510740066
"1156",2021-06-08,"DELA",0.406184070632867,0.00657475642069894
"1157",2021-06-09,"DELA",0.403282724853388,0.00661662054819656
"1158",2021-06-10,"DELA",0.402946401429724,0.00665822252978115
"1159",2021-06-11,"DELA",0.404248157799504,0.00669956724898713
"1160",2021-06-12,"DELA",0.40399341002962,0.00674065943970142
"1161",2021-06-13,"DELA",0.402675619505148,0.00678150369250508
"1162",2021-06-14,"DELA",0.402122374174986,0.00682210446067283
"1163",2021-06-15,"DELA",0.402240237781555,0.00686246606585678
"1164",2021-06-16,"DELA",0.403887375215826,0.00690259270346538
"1165",2021-06-17,"DELA",0.408608598501485,0.00694248844776857
"1166",2021-06-18,"DELA",0.406109247194824,0.00698215725673651
"1167",2021-06-19,"DELA",0.402570165528011,0.00702160297663568
"1168",2021-06-20,"DELA",0.401543931492642,0.00706082934639279
"1169",2021-06-21,"DELA",0.403417832012892,0.00709984000174008
"1170",2021-06-22,"DELA",0.403455467866407,0.00713863847916019
"1171",2021-06-23,"DELA",0.406923339385224,0.00717722821963812
"1172",2021-06-24,"DELA",0.407183926657021,0.00721561257223219
"1173",2021-06-25,"DELA",0.403885170990727,0.00725379479747362
"1174",2021-06-26,"DELA",0.400866396268236,0.00729177807061177
"1175",2021-06-27,"DELA",0.402105677074558,0.00732956548470093
"1176",2021-06-28,"DELA",0.401051271783102,0.00736716005354954
"1177",2021-06-29,"DELA",0.399524173339893,0.00740456471453388
"1178",2021-06-30,"DELA",0.403727578801211,0.0074417823312829
"1179",2021-07-01,"DELA",0.404843622626344,0.00747881569624637
"1180",2021-07-02,"DELA",0.402769189131448,0.00751566753314381
"1181",2021-07-03,"DELA",0.401793300427841,0.00755234049931364
"1182",2021-07-04,"DELA",0.402540369174219,0.00758883718795228
"1183",2021-07-05,"DELA",0.402085968900724,0.00762516013026232
"1184",2021-07-06,"DELA",0.401217782938713,0.00766131179750806
"1185",2021-07-07,"DELA",0.400504495532983,0.00769729460298207
"1186",2021-07-08,"DELA",0.400595277086784,0.0077331109038915
"1187",2021-07-09,"DELA",0.402871593183718,0.00776876300316709
"1188",2021-07-10,"DELA",0.402331228209512,0.00780425315119582
"1189",2021-07-11,"DELA",0.399325878459256,0.00783958354748276
"1190",2021-07-12,"DELA",0.40141463723131,0.00787475634224927
"1191",2021-07-13,"DELA",0.400642159652976,0.0079097736379623
"1192",2021-07-14,"DELA",0.393877305544256,0.00794463749080937
"1193",2021-07-15,"DELA",0.39982760141577,0.00797934991210841
"1194",2021-07-16,"DELA",0.40308304303449,0.00801391286966929
"1195",2021-07-17,"DELA",0.39968530206111,0.00804832828909857
"1196",2021-07-18,"DELA",0.403391553909357,0.00808259805505601
"1197",2021-07-19,"DELA",0.39928760227594,0.00811672401246261
"1198",2021-07-20,"DELA",0.40031919282566,0.00815070796766471
"1199",2021-07-21,"DELA",0.400265784812521,0.00818455168955329
"1200",2021-07-22,"DELA",0.400784237388868,0.00821825691064076
"1201",2021-07-23,"DELA",0.401767414616202,0.00825182532810237
"1202",2021-07-24,"DELA",0.398538647002713,0.00828525860477386
"1203",2021-07-25,"DELA",0.397553631131555,0.00831855837011924
"1204",2021-07-26,"DELA",0.398531400923871,0.00835172622115776
"1205",2021-07-27,"DELA",0.398191605162432,0.00838476372336366
"1206",2021-07-28,"DELA",0.398146940265032,0.0084176724115298
"1207",2021-07-29,"DELA",0.398478411399615,0.00845045379060427
"1208",2021-07-30,"DELA",0.398991166119809,0.00848310933649432
"1209",2021-07-31,"DELA",0.399907365017511,0.00851564049684739
"1210",2021-08-01,"DELA",0.398699141342216,0.00854804869180043
"1211",2021-08-02,"DELA",0.401766423962804,0.00858033531470814
"1212",2021-08-03,"DELA",0.397752588164247,0.00861250173284295
"1213",2021-08-04,"DELA",0.398081492692468,0.00864454928807445
"1214",2021-08-05,"DELA",0.398440995393064,0.0086764792975243
"1215",2021-08-06,"DELA",0.392283750274323,0.00870829305420173
"1216",2021-08-07,"DELA",0.396808169491782,0.00873999182761559
"1217",2021-08-08,"DELA",0.397816433844734,0.00877157686436858
"1218",2021-08-09,"DELA",0.400002274492407,0.00880304938873167
"1219",2021-08-10,"DELA",0.398121113018204,0.00883441060319906
"1220",2021-08-11,"DELA",0.401024154819826,0.00886566168902853
"1221",2021-08-12,"DELA",0.400283191584325,0.00889680380676061
"1222",2021-08-13,"DELA",0.398669204549499,0.00892783809672509
"1223",2021-08-14,"DELA",0.398985391654541,0.00895876567952936
"1224",2021-08-15,"DELA",0.39880293318743,0.00898958765653302
"1225",2021-08-16,"DELA",0.399032331098781,0.0090203051103076
"1226",2021-08-17,"DELA",0.398132727670338,0.0090509191050821
"1227",2021-08-18,"DELA",0.397164714357516,0.00908143068717415
"1228",2021-08-19,"DELA",0.395819041988753,0.00911184088541073
"1229",2021-08-20,"DELA",0.396633284902449,0.00914215071153324
"1230",2021-08-21,"DELA",0.398966922994728,0.00917236116059356
"1231",2021-08-22,"DELA",0.396471905817329,0.00920247321133461
"1232",2021-08-23,"DELA",0.398165929180308,0.00923248782656472
"1233",2021-08-24,"DELA",0.397066548318713,0.00926240595351641
"1234",2021-08-25,"DELA",0.396195666290664,0.0092922285241977
"1235",2021-08-26,"DELA",0.395985455732054,0.00932195645573197
"1236",2021-08-27,"DELA",0.396851671145106,0.00935159065068986
"1237",2021-08-28,"DELA",0.397385358967903,0.00938113199740792
"1238",2021-08-29,"DELA",0.397332590261967,0.00941058137030321
"1239",2021-08-30,"DELA",0.394570947359269,0.00943993963017592
"1240",2021-08-31,"DELA",0.396685656225178,0.00946920762450404
"1241",2021-09-01,"DELA",0.396158013542847,0.00949838618773036
"1242",2021-09-02,"DELA",0.396381498794383,0.00952747614154126
"1243",2021-09-03,"DELA",0.393098179940166,0.0095564782951385
"1244",2021-09-04,"DELA",0.393350250592984,0.00958539344550219
"1245",2021-09-05,"DELA",0.393840664284998,0.00961422237764892
"1246",2021-09-06,"DELA",0.394569175387305,0.00964296586488006
"1247",2021-09-07,"DELA",0.397913736336678,0.00967162466902699
"1248",2021-09-08,"DELA",0.391334477443332,0.00970019954068529
"1249",2021-09-09,"DELA",0.391454017660111,0.00972869121944758
"1250",2021-09-10,"DELA",0.39159826000725,0.00975710043412703
"1251",2021-09-11,"DELA",0.391835459693921,0.00978542790297526
"1252",2021-09-12,"DELA",0.393919332546053,0.00981367433389707
"1253",2021-09-13,"DELA",0.393509296288114,0.00984184042465663
"1254",2021-09-14,"DELA",0.393954314332112,0.00986992686307947
"1255",2021-09-15,"DELA",0.392128706122231,0.00989793432725028
"1256",2021-09-16,"DELA",0.393409592499954,0.0099258634857044
"1257",2021-09-17,"DELA",0.391144273004095,0.00995371499761533
"1258",2021-09-18,"DELA",0.3899393276531,0.00998148951297673
"1259",2021-09-19,"DELA",0.390425166367052,0.010009187672781
"1260",2021-09-20,"DELA",0.390107821246005,0.0100368101091922
"1261",2021-03-25,"CLBJ",0.329476400648746,0.000864073756367323
"1262",2021-03-26,"CLBJ",0.330869583163507,0.000981146791109999
"1263",2021-03-27,"CLBJ",0.329674042110142,0.00108566897896362
"1264",2021-03-28,"CLBJ",0.330798421210501,0.00118097746591928
"1265",2021-03-29,"CLBJ",0.333018657829901,0.001269149697678
"1266",2021-03-30,"CLBJ",0.335048536318191,0.00135158302454103
"1267",2021-03-31,"CLBJ",0.336042146024624,0.00142927076734123
"1268",2021-04-01,"CLBJ",0.335709325445248,0.00150294900698439
"1269",2021-04-02,"CLBJ",0.336665747403466,0.00157318118661121
"1270",2021-04-03,"CLBJ",0.337502535671082,0.00164040998270176
"1271",2021-04-04,"CLBJ",0.338651476729644,0.00170499070787572
"1272",2021-04-05,"CLBJ",0.341167283306557,0.00176721369780947
"1273",2021-04-06,"CLBJ",0.344244958615225,0.00182731982168549
"1274",2021-04-07,"CLBJ",0.344308344760135,0.00188551153403199
"1275",2021-04-08,"CLBJ",0.352099626936804,0.00194196094103127
"1276",2021-04-09,"CLBJ",0.350101600215613,0.00199681581156486
"1277",2021-04-10,"CLBJ",0.352082283552171,0.00205020413897594
"1278",2021-04-11,"CLBJ",0.357031304294666,0.00210223765901996
"1279",2021-04-12,"CLBJ",0.362498013701179,0.00215301460188294
"1280",2021-04-13,"CLBJ",0.369420426284476,0.00220262187273879
"1281",2021-04-14,"CLBJ",0.370273494559874,0.00225113679950045
"1282",2021-04-15,"CLBJ",0.370879383872413,0.00229862854836349
"1283",2021-04-16,"CLBJ",0.369254502269604,0.00234515928118906
"1284",2021-04-17,"CLBJ",0.367781501104626,0.00239078511006097
"1285",2021-04-18,"CLBJ",0.370854454583316,0.00243555689081659
"1286",2021-04-19,"CLBJ",0.376669526592146,0.00247952088757553
"1287",2021-04-20,"CLBJ",0.383358390325657,0.00252271933299669
"1288",2021-04-21,"CLBJ",0.385683552560323,0.00256519090359586
"1289",2021-04-22,"CLBJ",0.38693043667757,0.0026069711253478
"1290",2021-04-23,"CLBJ",0.388780466370402,0.00264809272168232
"1291",2021-04-24,"CLBJ",0.387583339704098,0.00268858591356291
"1292",2021-04-25,"CLBJ",0.389994160074166,0.0027284786794799
"1293",2021-04-26,"CLBJ",0.392028131858364,0.00276779698170837
"1294",2021-04-27,"CLBJ",0.395399275676779,0.00280656496403919
"1295",2021-04-28,"CLBJ",0.393463731249302,0.00284480512525209
"1296",2021-04-29,"CLBJ",0.392437511545762,0.00288253847187747
"1297",2021-04-30,"CLBJ",0.390128614475862,0.00291978465318526
"1298",2021-05-01,"CLBJ",0.386803557799977,0.00295656208087353
"1299",2021-05-02,"CLBJ",0.389636487511802,0.00299288803551584
"1300",2021-05-03,"CLBJ",0.391123476515044,0.00302877876151897
"1301",2021-05-04,"CLBJ",0.387866452136613,0.00306424955207213
"1302",2021-05-05,"CLBJ",0.388750086799149,0.00309931482534515
"1303",2021-05-06,"CLBJ",0.389142508449212,0.00313398819301203
"1304",2021-05-07,"CLBJ",0.387906031935978,0.00316828252203227
"1305",2021-05-08,"CLBJ",0.387632685455338,0.00320220999046911
"1306",2021-05-09,"CLBJ",0.385769856409615,0.00323578213804743
"1307",2021-05-10,"CLBJ",0.384275224017035,0.00326900991203444
"1308",2021-05-11,"CLBJ",0.38305786860367,0.00330190370897054
"1309",2021-05-12,"CLBJ",0.381810251970865,0.00333447341268989
"1310",2021-05-13,"CLBJ",0.382270985224907,0.00336672842903568
"1311",2021-05-14,"CLBJ",0.383994599681962,0.00339867771760843
"1312",2021-05-15,"CLBJ",0.382997000818961,0.00343032982085334
"1313",2021-05-16,"CLBJ",0.382602398671664,0.00346169289075604
"1314",2021-05-17,"CLBJ",0.383330351165744,0.00349277471337972
"1315",2021-05-18,"CLBJ",0.382361869043833,0.00352358273145503
"1316",2021-05-19,"CLBJ",0.381148782035521,0.00355412406520783
"1317",2021-05-20,"CLBJ",0.390175651152109,0.0035844055315904
"1318",2021-05-21,"CLBJ",0.384014495194465,0.00361443366206388
"1319",2021-05-22,"CLBJ",0.382629308084152,0.00364421471905946
"1320",2021-05-23,"CLBJ",0.379085458066406,0.00367375471124282
"1321",2021-05-24,"CLBJ",0.379888524167943,0.00370305940767796
"1322",2021-05-25,"CLBJ",0.382005010478361,0.0037321343509959
"1323",2021-05-26,"CLBJ",0.380350414594973,0.00376098486964266
"1324",2021-05-27,"CLBJ",0.381082304071337,0.00378961608929107
"1325",2021-05-28,"CLBJ",0.379184457978043,0.0038180329434821
"1326",2021-05-29,"CLBJ",0.379118936039705,0.00384624018355695
"1327",2021-05-30,"CLBJ",0.379471685161244,0.00387424238794243
"1328",2021-05-31,"CLBJ",0.383630822930949,0.00390204397083171
"1329",2021-06-01,"CLBJ",0.38198873686297,0.00392964919031791
"1330",2021-06-02,"CLBJ",0.381295850734865,0.00395706215601177
"1331",2021-06-03,"CLBJ",0.382581570802594,0.00398428683619317
"1332",2021-06-04,"CLBJ",0.376361323691694,0.00401132706452095
"1333",2021-06-05,"CLBJ",0.378448975740152,0.00403818654634197
"1334",2021-06-06,"CLBJ",0.380713102672077,0.00406486886462409
"1335",2021-06-07,"CLBJ",0.38047945878387,0.00409137748554084
"1336",2021-06-08,"CLBJ",0.38014130945798,0.00411771576373138
"1337",2021-06-09,"CLBJ",0.380619197280745,0.00414388694726292
"1338",2021-06-10,"CLBJ",0.380187218184183,0.0041698941823104
"1339",2021-06-11,"CLBJ",0.379785698082858,0.00419574051757471
"1340",2021-06-12,"CLBJ",0.377265301714262,0.00422142890846017
"1341",2021-06-13,"CLBJ",0.378010596203538,0.00424696222102255
"1342",2021-06-14,"CLBJ",0.377509356560786,0.00427234323570486
"1343",2021-06-15,"CLBJ",0.378405806672129,0.0042975746508766
"1344",2021-06-16,"CLBJ",0.376582944121847,0.00432265908618434
"1345",2021-06-17,"CLBJ",0.377607769902171,0.0043475990857314
"1346",2021-06-18,"CLBJ",0.377575835991675,0.00437239712109061
"1347",2021-06-19,"CLBJ",0.376553047163609,0.00439705559416936
"1348",2021-06-20,"CLBJ",0.378194928263043,0.00442157683992472
"1349",2021-06-21,"CLBJ",0.376799242862478,0.00444596312895018
"1350",2021-06-22,"CLBJ",0.377385977663596,0.00447021666992997
"1351",2021-06-23,"CLBJ",0.378561048507899,0.00449433961197865
"1352",2021-06-24,"CLBJ",0.380492049813539,0.0045183340468638
"1353",2021-06-25,"CLBJ",0.378022806847479,0.00454220201112826
"1354",2021-06-26,"CLBJ",0.377077295879382,0.00456594548810868
"1355",2021-06-27,"CLBJ",0.377870359779846,0.00458956640986058
"1356",2021-06-28,"CLBJ",0.375428684228686,0.00461306665899708
"1357",2021-06-29,"CLBJ",0.375915593123742,0.00463644807044167
"1358",2021-06-30,"CLBJ",0.374891768070569,0.00465971243310198
"1359",2021-07-01,"CLBJ",0.373342154969216,0.00468286149146929
"1360",2021-07-02,"CLBJ",0.374652815143123,0.00470589694714807
"1361",2021-07-03,"CLBJ",0.376212454445814,0.00472882046031636
"1362",2021-07-04,"CLBJ",0.376603804451073,0.00475163365112508
"1363",2021-07-05,"CLBJ",0.375253699211575,0.00477433810103595
"1364",2021-07-06,"CLBJ",0.37531064744212,0.00479693535410169
"1365",2021-07-07,"CLBJ",0.374650275934924,0.00481942691819442
"1366",2021-07-08,"CLBJ",0.374358254861718,0.00484181426618091
"1367",2021-07-09,"CLBJ",0.374158651749335,0.00486409883704952
"1368",2021-07-10,"CLBJ",0.372969172307885,0.00488628203699165
"1369",2021-07-11,"CLBJ",0.375841942829318,0.00490836524043869
"1370",2021-07-12,"CLBJ",0.377541531019044,0.00493034979105678
"1371",2021-07-13,"CLBJ",0.374690343316463,0.00495223700270281
"1372",2021-07-14,"CLBJ",0.376290985272369,0.00497402816034159
"1373",2021-07-15,"CLBJ",0.375235331812237,0.00499572452092806
"1374",2021-07-16,"CLBJ",0.373982464776996,0.00501732731425386
"1375",2021-07-17,"CLBJ",0.374130699097068,0.00503883774376324
"1376",2021-07-18,"CLBJ",0.373514414608385,0.00506025698733503
"1377",2021-07-19,"CLBJ",0.374419959522336,0.00508158619803806
"1378",2021-07-20,"CLBJ",0.374192534418471,0.00510282650485544
"1379",2021-07-21,"CLBJ",0.373304359733369,0.00512397901338352
"1380",2021-07-22,"CLBJ",0.372615628235003,0.00514504480650468
"1381",2021-07-23,"CLBJ",0.372058832223505,0.00516602494503499
"1382",2021-07-24,"CLBJ",0.370022130561262,0.00518692046834873
"1383",2021-07-25,"CLBJ",0.369083246768541,0.00520773239497929
"1384",2021-07-26,"CLBJ",0.368142589554578,0.00522846172320179
"1385",2021-07-27,"CLBJ",0.367425472523595,0.00524910943159052
"1386",2021-07-28,"CLBJ",0.366176015770682,0.00526967647955962
"1387",2021-07-29,"CLBJ",0.366082442699826,0.00529016380788422
"1388",2021-07-30,"CLBJ",0.366194837512923,0.00531057233920407
"1389",2021-07-31,"CLBJ",0.365919328033022,0.00533090297850791
"1390",2021-08-01,"CLBJ",0.368829610757333,0.00535115661360352
"1391",2021-08-02,"CLBJ",0.369360414848402,0.005371334115571
"1392",2021-08-03,"CLBJ",0.367626935870509,0.00539143633919981
"1393",2021-08-04,"CLBJ",0.367105597935993,0.00541146412341303
"1394",2021-08-05,"CLBJ",0.362350227315413,0.00543141829167593
"1395",2021-08-06,"CLBJ",0.366028029056772,0.00545129965239244
"1396",2021-08-07,"CLBJ",0.367433212216004,0.00547110899928677
"1397",2021-08-08,"CLBJ",0.36617843489312,0.00549084711177561
"1398",2021-08-09,"CLBJ",0.368141601904883,0.00551051475532477
"1399",2021-08-10,"CLBJ",0.370275903035078,0.00553011268179837
"1400",2021-08-11,"CLBJ",0.36847328653017,0.0055496416297921
"1401",2021-08-12,"CLBJ",0.368370867386533,0.00556910232496138
"1402",2021-08-13,"CLBJ",0.368110934890741,0.00558849548033463
"1403",2021-08-14,"CLBJ",0.368566588229986,0.00560782179661995
"1404",2021-08-15,"CLBJ",0.37160701971232,0.00562708196249989
"1405",2021-08-16,"CLBJ",0.369187230303983,0.00564627665491957
"1406",2021-08-17,"CLBJ",0.368477066460453,0.00566540653936426
"1407",2021-08-18,"CLBJ",0.36845128151041,0.00568447227012869
"1408",2021-08-19,"CLBJ",0.368594260537609,0.00570347449057995
"1409",2021-08-20,"CLBJ",0.368935081477172,0.00572241383340993
"1410",2021-08-21,"CLBJ",0.369422878845498,0.00574129092088249
"1411",2021-08-22,"CLBJ",0.367881509027526,0.00576010636507218
"1412",2021-08-23,"CLBJ",0.368040437490731,0.00577886076809647
"1413",2021-08-24,"CLBJ",0.367877583780151,0.00579755472234073
"1414",2021-08-25,"CLBJ",0.367884028111192,0.00581618881067697
"1415",2021-08-26,"CLBJ",0.366403943128135,0.00583476360667728
"1416",2021-08-27,"CLBJ",0.366050318833093,0.0058532796748188
"1417",2021-08-28,"CLBJ",0.36644709574164,0.00587173757068543
"1418",2021-08-29,"CLBJ",0.366155409115011,0.00589013784116216
"1419",2021-08-30,"CLBJ",0.366867491606279,0.00590848102462488
"1420",2021-08-31,"CLBJ",0.367544980844415,0.00592676765112427
"1421",2021-09-01,"CLBJ",0.369957219854669,0.00594499824256545
"1422",2021-09-02,"CLBJ",0.367127168116197,0.00596317331288088
"1423",2021-09-03,"CLBJ",0.365114936460049,0.0059812933682018
"1424",2021-09-04,"CLBJ",0.36986590763844,0.00599935890702114
"1425",2021-09-05,"CLBJ",0.366510928414888,0.00601737042035511
"1426",2021-09-06,"CLBJ",0.366978421845428,0.00603532839189813
"1427",2021-09-07,"CLBJ",0.369476109837483,0.00605323329817592
"1428",2021-09-08,"CLBJ",0.36884895302374,0.00607108560869313
"1429",2021-09-09,"CLBJ",0.368443677766053,0.00608888578607653
"1430",2021-09-10,"CLBJ",0.367986134258304,0.00610663428621561
"1431",2021-09-11,"CLBJ",0.365846936094148,0.00612433155840009
"1432",2021-09-12,"CLBJ",0.364881432264764,0.00614197804545097
"1433",2021-09-13,"CLBJ",0.364430477780402,0.00615957418385205
"1434",2021-09-14,"CLBJ",0.364676496353571,0.00617712040387502
"1435",2021-09-15,"CLBJ",0.364624386849537,0.00619461712970304
"1436",2021-09-16,"CLBJ",0.364867447869233,0.00621206477955011
"1437",2021-09-17,"CLBJ",0.364603050338751,0.00622946376577899
"1438",2021-09-18,"CLBJ",0.363625726369525,0.00624681449501385
"1439",2021-09-19,"CLBJ",0.363829596493532,0.00626411736825278
"1440",2021-09-20,"CLBJ",0.363867626931885,0.00628137278097474
